,file_name,Class
369659,subset8_negative_59551_105597.jpg,0
420124,subset9_negative_84692_145196.jpg,0
335337,subset8_positive_59047_127685.jpg,1
45218,subset0_negative_51767_139514.jpg,0
114021,subset2_negative_42958_123899.jpg,0
47296,subset1_positive_60014_111133.jpg,1
93448,subset2_positive_40405_109768.jpg,1
322737,subset7_positive_57842_131368.jpg,1
387680,subset9_positive_25249_115350.jpg,1
161354,subset3_negative_83806_123818.jpg,0
242715,subset5_negative_49228_117002.jpg,0
114070,subset2_negative_31524_122374.jpg,0
53945,subset1_negative_69557_101968.jpg,0
116854,subset2_positive_24301_126749.jpg,1
414395,subset9_positive_62827_101123.jpg,1
95164,subset2_positive_34230_125342.jpg,1
81132,subset1_positive_03192_113175.jpg,1
226183,subset4_positive_25757_123244.jpg,1
68459,subset1_negative_69557_101905.jpg,0
182467,subset4_positive_57505_128435.jpg,1
125332,subset2_negative_43021_139250.jpg,0
370869,subset8_positive_17534_120111.jpg,1
265712,subset5_negative_58431_110280.jpg,0
196340,subset4_negative_22907_131232.jpg,0
349646,subset8_negative_21954_129169.jpg,0
112617,subset2_positive_59527_120574.jpg,1
192596,subset4_negative_34290_121996.jpg,0
80074,subset1_negative_56430_105894.jpg,0
185806,subset4_positive_55750_113930.jpg,1
364026,subset8_negative_79830_133258.jpg,0
402628,subset9_negative_98568_139458.jpg,0
417480,subset9_negative_60291_114654.jpg,0
177957,subset4_positive_66972_121663.jpg,1
276433,subset5_negative_38609_121187.jpg,0
278503,subset5_negative_08334_122967.jpg,0
341106,subset8_positive_21986_119920.jpg,1
96498,subset2_negative_94518_112656.jpg,0
201483,subset4_negative_62394_125499.jpg,0
35867,subset0_negative_61074_145209.jpg,0
179204,subset4_negative_12286_109134.jpg,0
366572,subset8_positive_15668_135759.jpg,1
385694,subset9_positive_67838_110431.jpg,1
404904,subset9_negative_78531_122372.jpg,0
345672,subset8_negative_74757_125996.jpg,0
218102,subset4_negative_94975_110751.jpg,0
185988,subset4_negative_02477_142473.jpg,0
103383,subset2_positive_24301_126751.jpg,1
348072,subset8_positive_48666_120336.jpg,1
186062,subset4_negative_11064_132670.jpg,0
29361,subset0_positive_61074_144856.jpg,1
421860,subset9_negative_31537_119000.jpg,0
48463,subset1_positive_03192_113183.jpg,1
253812,subset5_negative_84296_127170.jpg,0
113339,subset2_negative_38797_129712.jpg,0
143278,subset3_positive_62196_135657.jpg,1
81215,subset1_negative_34291_114026.jpg,0
170520,subset3_positive_54574_136699.jpg,1
350524,subset8_negative_93813_136953.jpg,0
411041,subset9_positive_25249_115349.jpg,1
73477,subset1_negative_60826_110738.jpg,0
111607,subset2_negative_42958_124071.jpg,0
162666,subset3_negative_06819_109834.jpg,0
375187,subset8_negative_45208_113685.jpg,0
89262,subset2_negative_35891_107719.jpg,0
374092,subset8_negative_15219_132822.jpg,0
218106,subset4_positive_10450_120312.jpg,1
228988,subset4_positive_17227_121598.jpg,1
286151,subset5_positive_27966_116058.jpg,1
291407,subset7_negative_03198_125348.jpg,0
11064,subset0_positive_14231_131599.jpg,1
41818,subset0_positive_75227_123104.jpg,1
136849,subset3_positive_18292_138854.jpg,1
225943,subset4_positive_78950_122829.jpg,1
331908,subset7_negative_94937_141295.jpg,0
294541,subset7_positive_57224_125042.jpg,1
261465,subset5_positive_35112_132743.jpg,1
170603,subset3_positive_49169_132204.jpg,1
360407,subset8_positive_48335_114306.jpg,1
148088,subset3_positive_26689_141544.jpg,1
175006,subset4_negative_94083_133876.jpg,0
390289,subset9_negative_52136_115753.jpg,0
97299,subset2_positive_53819_102921.jpg,1
283546,subset5_positive_22764_143064.jpg,1
104908,subset2_negative_29556_106958.jpg,0
417988,subset9_negative_10197_142374.jpg,0
163093,subset3_negative_91756_112654.jpg,0
252196,subset5_negative_18641_115337.jpg,0
44751,subset0_positive_12111_107808.jpg,1
223096,subset4_positive_79986_142873.jpg,1
12382,subset0_negative_55114_107335.jpg,0
405957,subset9_negative_86458_145782.jpg,0
360862,subset8_negative_92959_121788.jpg,0
224522,subset4_negative_20907_137557.jpg,0
82309,subset1_negative_19224_142901.jpg,0
411989,subset9_negative_33473_102204.jpg,0
241329,subset5_positive_56531_101123.jpg,1
256246,subset5_positive_77538_140733.jpg,1
49765,subset1_positive_47886_119856.jpg,1
85629,subset1_positive_05032_109793.jpg,1
274909,subset5_negative_38609_121019.jpg,0
277304,subset5_positive_85026_119306.jpg,1
125667,subset2_negative_50076_109482.jpg,0
247282,subset5_positive_56685_126334.jpg,1
121363,subset2_positive_97798_124198.jpg,1
183160,subset4_positive_45468_102064.jpg,1
346029,subset8_positive_00599_123610.jpg,1
362309,subset8_positive_30421_124253.jpg,1
361831,subset8_positive_06815_110866.jpg,1
175035,subset4_negative_78950_122925.jpg,0
381699,subset9_negative_36247_143127.jpg,0
126320,subset2_positive_83786_127653.jpg,1
191269,subset4_positive_97306_129469.jpg,1
300855,subset7_positive_23138_110685.jpg,1
203863,subset4_negative_94040_138193.jpg,0
211649,subset4_positive_21805_102965.jpg,1
215647,subset4_negative_34290_121806.jpg,0
261966,subset5_positive_75734_133773.jpg,1
183274,subset4_positive_65680_114699.jpg,1
391980,subset9_negative_52136_116304.jpg,0
300411,subset7_positive_94937_141117.jpg,1
267562,subset5_negative_21124_123710.jpg,0
3395,subset0_positive_55354_120067.jpg,1
53165,subset1_positive_95397_119532.jpg,1
44469,subset0_positive_48912_137979.jpg,1
184477,subset4_positive_78950_122833.jpg,1
328267,subset7_negative_46474_136339.jpg,0
230514,subset4_positive_25757_123247.jpg,1
57785,subset1_negative_96098_115204.jpg,0
164058,subset3_negative_88500_124537.jpg,0
17908,subset0_negative_51767_139232.jpg,0
264607,subset5_negative_51914_120014.jpg,0
189159,subset4_negative_49727_108839.jpg,0
118998,subset2_negative_05256_121064.jpg,0
387750,subset9_positive_01935_123876.jpg,1
421904,subset9_negative_03264_112255.jpg,0
128451,subset2_negative_85333_141974.jpg,0
159370,subset3_negative_58859_140872.jpg,0
152923,subset3_negative_35401_137796.jpg,0
171525,subset3_negative_96610_101944.jpg,0
302633,subset7_negative_77129_107924.jpg,0
165937,subset3_negative_94314_104076.jpg,0
385443,subset9_positive_64804_117145.jpg,1
202224,subset4_positive_79986_124040.jpg,1
243171,subset5_negative_35112_133462.jpg,0
101147,subset2_positive_19780_126955.jpg,1
374044,subset8_positive_90403_112983.jpg,1
37842,subset0_negative_62523_116767.jpg,0
243262,subset5_positive_98037_140418.jpg,1
368202,subset8_negative_60431_133900.jpg,0
199463,subset4_negative_59377_106505.jpg,0
320866,subset7_negative_34609_144102.jpg,0
167099,subset3_negative_15056_123348.jpg,0
54174,subset1_positive_98603_114574.jpg,1
356228,subset8_negative_48856_130786.jpg,0
403529,subset9_positive_82004_110636.jpg,1
70636,subset1_positive_81131_116768.jpg,1
208194,subset4_negative_41306_124589.jpg,0
155051,subset3_negative_26588_133296.jpg,0
92119,subset2_positive_65478_134698.jpg,1
109140,subset2_negative_93869_138036.jpg,0
220752,subset4_negative_45782_134584.jpg,0
226041,subset4_negative_39398_117829.jpg,0
180660,subset4_negative_87713_102856.jpg,0
391663,subset9_negative_20823_104644.jpg,0
138876,subset3_negative_09852_118797.jpg,0
302557,subset7_negative_90986_111324.jpg,0
177348,subset4_positive_18032_101934.jpg,1
227448,subset4_negative_11064_117170.jpg,0
380002,subset9_negative_89532_136018.jpg,0
393529,subset9_negative_38044_140006.jpg,0
85193,subset1_negative_60014_111429.jpg,0
120604,subset2_negative_65305_103783.jpg,0
302770,subset7_positive_39150_140713.jpg,1
347929,subset8_positive_23312_131363.jpg,1
419567,subset9_positive_44795_133890.jpg,1
97842,subset2_positive_34230_125341.jpg,1
285623,subset5_negative_38145_137554.jpg,0
186302,subset4_negative_55058_101371.jpg,0
272094,subset5_positive_06008_136791.jpg,1
324598,subset7_positive_01463_130814.jpg,1
416744,subset9_negative_81600_110868.jpg,0
330230,subset7_positive_28864_112326.jpg,1
162959,subset3_negative_28406_125235.jpg,0
11377,subset0_positive_74565_116818.jpg,1
245402,subset5_positive_38785_127672.jpg,1
347767,subset8_positive_15219_132779.jpg,1
250648,subset5_negative_98037_140518.jpg,0
296455,subset7_negative_87700_139029.jpg,0
168978,subset3_negative_17774_111572.jpg,0
305308,subset7_negative_03198_125458.jpg,0
92676,subset2_negative_95628_108045.jpg,0
182439,subset4_negative_55115_112401.jpg,0
75404,subset1_negative_69557_101916.jpg,0
55797,subset1_positive_39556_102412.jpg,1
333942,subset8_positive_85942_139618.jpg,1
171154,subset3_positive_83806_123410.jpg,1
85223,subset1_positive_59845_136187.jpg,1
75611,subset1_negative_94709_126277.jpg,0
182242,subset4_negative_01883_122728.jpg,0
361524,subset8_negative_20976_110839.jpg,0
183534,subset4_negative_55058_101600.jpg,0
258393,subset5_positive_80824_146323.jpg,1
279549,subset5_positive_13546_110382.jpg,1
161720,subset3_negative_61082_113616.jpg,0
408277,subset9_positive_97221_139057.jpg,1
137296,subset3_negative_20766_125717.jpg,0
53254,subset1_positive_06551_127617.jpg,1
153671,subset3_positive_06819_108948.jpg,1
143760,subset3_positive_15391_120779.jpg,1
273535,subset5_negative_35878_125601.jpg,0
312111,subset7_negative_38704_128936.jpg,0
128492,subset2_positive_32478_138421.jpg,1
334213,subset8_positive_35761_138041.jpg,1
170812,subset3_negative_58859_141071.jpg,0
23156,subset0_positive_54952_106915.jpg,1
323683,subset7_negative_35012_130477.jpg,0
356981,subset8_positive_64658_110076.jpg,1
213584,subset4_positive_34290_121245.jpg,1
217007,subset4_positive_10450_110993.jpg,1
289119,subset7_positive_57224_125044.jpg,1
112820,subset2_negative_63696_136319.jpg,0
268470,subset5_negative_40144_107752.jpg,0
6855,subset0_negative_06005_114361.jpg,0
60738,subset1_negative_44907_132235.jpg,0
409907,subset9_positive_82004_110631.jpg,1
371732,subset8_negative_45994_131953.jpg,0
411540,subset9_negative_88650_106538.jpg,0
153363,subset3_negative_63327_103890.jpg,0
411634,subset9_negative_20823_104229.jpg,0
352572,subset8_negative_69862_103124.jpg,0
286177,subset5_negative_08334_122354.jpg,0
129886,subset2_negative_27422_117545.jpg,0
387483,subset9_positive_84692_144794.jpg,1
184713,subset4_negative_59377_106375.jpg,0
292740,subset7_negative_01753_117515.jpg,0
76342,subset1_negative_06551_127753.jpg,0
417483,subset9_positive_44795_133891.jpg,1
34106,subset0_positive_71547_142658.jpg,1
412564,subset9_positive_03264_112235.jpg,1
384780,subset9_negative_29296_130808.jpg,0
197971,subset4_positive_21600_113229.jpg,1
145265,subset3_positive_63327_103626.jpg,1
260649,subset5_negative_23962_114818.jpg,0
196305,subset4_positive_78950_112216.jpg,1
387079,subset9_positive_33473_102127.jpg,1
400665,subset9_negative_86014_100613.jpg,0
23053,subset0_positive_18896_142470.jpg,1
82362,subset1_negative_00418_135869.jpg,0
140171,subset3_positive_15280_118911.jpg,1
345581,subset8_positive_06815_110868.jpg,1
346756,subset8_positive_51928_138936.jpg,1
135366,subset3_negative_25349_136107.jpg,0
116613,subset2_positive_26125_113423.jpg,1
343442,subset8_positive_36359_139914.jpg,1
304018,subset7_negative_13755_137853.jpg,0
367511,subset8_negative_13951_101025.jpg,0
117919,subset2_positive_59527_120572.jpg,1
392858,subset9_positive_11437_107653.jpg,1
359821,subset8_positive_45208_113323.jpg,1
14451,subset0_negative_83845_133560.jpg,0
52506,subset1_negative_51679_141817.jpg,0
401197,subset9_positive_88650_106462.jpg,1
168883,subset3_negative_20378_115846.jpg,0
323812,subset7_negative_20099_142110.jpg,0
148288,subset3_positive_15056_122854.jpg,1
4016,subset0_negative_55367_119006.jpg,0
374749,subset8_positive_62668_126493.jpg,1
125098,subset2_negative_96708_106526.jpg,0
318100,subset7_negative_20611_102059.jpg,0
5968,subset0_negative_76543_108446.jpg,0
11965,subset0_positive_49484_126701.jpg,1
140454,subset3_negative_20378_116148.jpg,0
112236,subset2_negative_35891_107809.jpg,0
199626,subset4_negative_94207_119798.jpg,0
251729,subset5_negative_68929_126862.jpg,0
297602,subset7_negative_22213_124082.jpg,0
110385,subset2_positive_14832_105709.jpg,1
347679,subset8_negative_14630_122755.jpg,0
315072,subset7_positive_23235_119273.jpg,1
45259,subset0_negative_08058_143656.jpg,0
137566,subset3_positive_85969_125891.jpg,1
105428,subset2_negative_21493_122882.jpg,0
236240,subset4_positive_04168_130684.jpg,1
186247,subset4_negative_97306_129643.jpg,0
299325,subset7_positive_57224_125040.jpg,1
253573,subset5_positive_80786_141144.jpg,1
141694,subset3_positive_61062_111773.jpg,1
388707,subset9_negative_21227_124346.jpg,0
224723,subset4_negative_11586_135761.jpg,0
255763,subset5_negative_51914_119674.jpg,0
358571,subset8_positive_75427_102829.jpg,1
359109,subset8_negative_28517_140370.jpg,0
142769,subset3_positive_58706_100000.jpg,1
216893,subset4_positive_16111_103443.jpg,1
109117,subset2_positive_29286_142283.jpg,1
29828,subset0_negative_08762_134331.jpg,0
369700,subset8_positive_90403_112984.jpg,1
83785,subset1_negative_09754_107324.jpg,0
208671,subset4_negative_62394_125497.jpg,0
163694,subset3_positive_96610_101516.jpg,1
132109,subset3_negative_20378_116429.jpg,0
377064,subset9_negative_22785_107916.jpg,0
69010,subset1_negative_48683_106945.jpg,0
55315,subset1_negative_82679_107983.jpg,0
317512,subset7_negative_22213_123974.jpg,0
14136,subset0_negative_57827_121315.jpg,0
113901,subset2_negative_29286_142439.jpg,0
64389,subset1_positive_10561_103542.jpg,1
58889,subset1_negative_94709_126132.jpg,0
46215,subset1_positive_17499_114572.jpg,1
193027,subset4_negative_20907_137662.jpg,0
85576,subset1_positive_47886_119867.jpg,1
119157,subset2_positive_60568_122379.jpg,1
140916,subset3_negative_27629_101052.jpg,0
83178,subset1_positive_39027_102710.jpg,1
261949,subset5_negative_20957_145830.jpg,0
124847,subset2_positive_40405_109760.jpg,1
168157,subset3_negative_85969_126077.jpg,0
281663,subset5_negative_13546_110508.jpg,0
390396,subset9_positive_01935_123877.jpg,1
131571,subset2_positive_65478_134696.jpg,1
285929,subset5_negative_63325_121631.jpg,0
413264,subset9_negative_10197_142401.jpg,0
57702,subset1_positive_84739_129763.jpg,1
3596,subset0_negative_51767_139485.jpg,0
160053,subset3_negative_21616_142084.jpg,0
74357,subset1_negative_15089_109744.jpg,0
181068,subset4_negative_41306_124244.jpg,0
257113,subset5_negative_21124_123693.jpg,0
308101,subset7_positive_96549_121705.jpg,1
187357,subset4_positive_45468_102067.jpg,1
246218,subset5_negative_80786_141592.jpg,0
416504,subset9_positive_78531_122163.jpg,1
288055,subset5_negative_95208_135324.jpg,0
220727,subset4_negative_01585_111724.jpg,0
133197,subset3_negative_06819_109457.jpg,0
120955,subset2_positive_60568_122378.jpg,1
158722,subset3_negative_15280_118934.jpg,0
365105,subset8_negative_79503_118987.jpg,0
204673,subset4_negative_89321_103616.jpg,0
61608,subset1_positive_47372_140134.jpg,1
115772,subset2_positive_14832_105712.jpg,1
353741,subset8_positive_66896_131421.jpg,1
43610,subset0_negative_64321_102828.jpg,0
61353,subset1_negative_55637_130778.jpg,0
356889,subset8_positive_24839_128674.jpg,1
42342,subset0_positive_17235_124333.jpg,1
344970,subset8_negative_44726_118195.jpg,0
127793,subset2_positive_73630_136004.jpg,1
127427,subset2_positive_32478_138420.jpg,1
214218,subset4_negative_62394_113325.jpg,0
420443,subset9_negative_86014_100503.jpg,0
382700,subset9_positive_67838_110432.jpg,1
10266,subset0_negative_97495_122028.jpg,0
140926,subset3_positive_53512_107754.jpg,1
129531,subset2_negative_79250_118026.jpg,0
294503,subset7_positive_54230_130539.jpg,1
286627,subset5_positive_22764_143067.jpg,1
382223,subset9_negative_92782_137586.jpg,0
30493,subset0_negative_97495_121945.jpg,0
309449,subset7_positive_93724_132108.jpg,1
247738,subset5_negative_97516_105657.jpg,0
256247,subset5_negative_84002_139274.jpg,0
47544,subset1_positive_59845_136188.jpg,1
149944,subset3_negative_58228_132151.jpg,0
309151,subset7_positive_58535_143087.jpg,1
46920,subset1_positive_47886_119855.jpg,1
48377,subset1_positive_55637_130378.jpg,1
368853,subset8_positive_95949_137800.jpg,1
44884,subset0_positive_97097_105255.jpg,1
373653,subset8_negative_74238_127516.jpg,0
141791,subset3_negative_74930_130335.jpg,0
66857,subset1_negative_51679_141484.jpg,0
259965,subset5_positive_81290_124387.jpg,1
24604,subset0_negative_14231_131627.jpg,0
38400,subset0_positive_03574_110084.jpg,1
25957,subset0_positive_54952_106916.jpg,1
190627,subset4_positive_02477_124020.jpg,1
148660,subset3_positive_24156_138456.jpg,1
232077,subset4_negative_17281_101871.jpg,0
90902,subset2_negative_56742_123488.jpg,0
245189,subset5_negative_49228_116653.jpg,0
147697,subset3_positive_31179_105954.jpg,1
127019,subset2_positive_65478_134694.jpg,1
53706,subset1_positive_45498_117718.jpg,1
67524,subset1_positive_48288_135510.jpg,1
261304,subset5_positive_58588_117910.jpg,1
187520,subset4_positive_18032_104928.jpg,1
203222,subset4_negative_64515_120896.jpg,0
306671,subset7_positive_11210_125736.jpg,1
55641,subset1_positive_39556_102413.jpg,1
415826,subset9_positive_41021_141300.jpg,1
267914,subset5_negative_84002_138981.jpg,0
367977,subset8_negative_56859_102233.jpg,0
416524,subset9_positive_33473_102128.jpg,1
285517,subset5_positive_13546_110384.jpg,1
3563,subset0_negative_42411_111850.jpg,0
119217,subset2_positive_26125_113420.jpg,1
169485,subset3_positive_35401_137768.jpg,1
332947,subset7_positive_06047_100000.jpg,1
348552,subset8_positive_39227_129259.jpg,1
368715,subset8_negative_68794_103568.jpg,0
401721,subset9_negative_67626_116708.jpg,0
11202,subset0_negative_74565_117021.jpg,0
224653,subset4_positive_91341_103171.jpg,1
148073,subset3_positive_26689_141550.jpg,1
28237,subset0_positive_08762_133953.jpg,1
298113,subset7_negative_08613_138515.jpg,0
231168,subset4_positive_55750_113928.jpg,1
271742,subset5_negative_35878_125760.jpg,0
227804,subset4_positive_55750_125902.jpg,1
342018,subset8_positive_58130_135218.jpg,1
386790,subset9_positive_64804_117144.jpg,1
133853,subset3_negative_04919_121739.jpg,0
164032,subset3_positive_84591_114519.jpg,1
34900,subset0_negative_79768_127143.jpg,0
61438,subset1_negative_03192_113226.jpg,0
400635,subset9_negative_44075_104835.jpg,0
368832,subset8_negative_92959_121705.jpg,0
281045,subset5_negative_58431_110237.jpg,0
402306,subset9_positive_97221_139053.jpg,1
11424,subset0_positive_42411_111614.jpg,1
247147,subset5_negative_56531_101343.jpg,0
71807,subset1_negative_95147_114319.jpg,0
413806,subset9_negative_38044_140080.jpg,0
398998,subset9_negative_12235_121641.jpg,0
302460,subset7_negative_88562_113946.jpg,0
293881,subset7_positive_57842_131363.jpg,1
303392,subset7_negative_71960_127088.jpg,0
332894,subset7_negative_91325_106346.jpg,0
201706,subset4_positive_04168_116588.jpg,1
305655,subset7_positive_39150_140716.jpg,1
412600,subset9_positive_03264_112234.jpg,1
401606,subset9_negative_68094_108690.jpg,0
19464,subset0_positive_51767_139121.jpg,1
31385,subset0_negative_90879_132915.jpg,0
307632,subset7_negative_57224_125252.jpg,0
404077,subset9_positive_88650_106461.jpg,1
220488,subset4_positive_45782_118591.jpg,1
28893,subset0_negative_53557_129275.jpg,0
214026,subset4_negative_40429_107903.jpg,0
55718,subset1_positive_34217_108990.jpg,1
23280,subset0_negative_83845_133740.jpg,0
231837,subset4_negative_55058_101433.jpg,0
159040,subset3_positive_16689_114880.jpg,1
103843,subset2_positive_19780_126956.jpg,1
316421,subset7_negative_35012_129796.jpg,0
95984,subset2_positive_92387_130991.jpg,1
133950,subset3_negative_48244_134014.jpg,0
340416,subset8_negative_68794_103955.jpg,0
64090,subset1_positive_22949_142134.jpg,1
331929,subset7_negative_92345_120250.jpg,0
91486,subset2_positive_90311_109873.jpg,1
302528,subset7_negative_34991_100867.jpg,0
227456,subset4_positive_24767_132042.jpg,1
240411,subset4_negative_39398_133193.jpg,0
325959,subset7_negative_13386_109614.jpg,0
292830,subset7_positive_75826_106436.jpg,1
231300,subset4_negative_45513_122296.jpg,0
350282,subset8_positive_60431_133738.jpg,1
325741,subset7_positive_03198_125331.jpg,1
7686,subset0_negative_12111_107866.jpg,0
46033,subset1_positive_98603_114573.jpg,1
138863,subset3_negative_20378_115912.jpg,0
387149,subset9_negative_36247_142993.jpg,0
183900,subset4_positive_18032_101933.jpg,1
349367,subset8_positive_10592_106312.jpg,1
257990,subset5_positive_75734_133774.jpg,1
93493,subset2_negative_73069_116510.jpg,0
322258,subset7_negative_59979_136768.jpg,0
63269,subset1_negative_19224_143084.jpg,0
378103,subset9_positive_65701_131495.jpg,1
406834,subset9_negative_02207_144398.jpg,0
280710,subset5_negative_98037_140503.jpg,0
112743,subset2_positive_80826_134444.jpg,1
306959,subset7_positive_87559_113116.jpg,1
205979,subset4_negative_38096_115479.jpg,0
314661,subset7_negative_57680_115206.jpg,0
379357,subset9_positive_27970_143528.jpg,1
195139,subset4_positive_55268_115555.jpg,1
285771,subset5_positive_13546_110386.jpg,1
300684,subset7_negative_13394_135215.jpg,0
222355,subset4_negative_89762_102784.jpg,0
123614,subset2_positive_83786_127650.jpg,1
36703,subset0_positive_78441_136072.jpg,1
119624,subset2_negative_65421_134238.jpg,0
125787,subset2_positive_40405_109761.jpg,1
95936,subset2_negative_40811_103492.jpg,0
78409,subset1_negative_45866_105335.jpg,0
219786,subset4_negative_49727_109351.jpg,0
52515,subset1_negative_85953_134797.jpg,0
28300,subset0_positive_54952_106917.jpg,1
280487,subset5_negative_14021_103625.jpg,0
86062,subset1_negative_36171_138922.jpg,0
4470,subset0_negative_79768_127570.jpg,0
393750,subset9_positive_31537_118925.jpg,1
349825,subset8_negative_37212_119852.jpg,0
182245,subset4_negative_61436_104368.jpg,0
299432,subset7_negative_05732_133124.jpg,0
20206,subset0_positive_18345_120770.jpg,1
281947,subset5_negative_46497_131342.jpg,0
168211,subset3_negative_84591_114741.jpg,0
121012,subset2_positive_21075_139635.jpg,1
217427,subset4_positive_45782_134284.jpg,1
296754,subset7_negative_38194_101659.jpg,0
387204,subset9_negative_89532_135847.jpg,0
288022,subset5_negative_79565_106445.jpg,0
129611,subset2_positive_65478_134697.jpg,1
317279,subset7_positive_57680_115139.jpg,1
281773,subset5_negative_74084_123747.jpg,0
337965,subset8_positive_36359_139912.jpg,1
5114,subset0_negative_00950_103734.jpg,0
199053,subset4_negative_49727_108904.jpg,0
347712,subset8_positive_51928_138934.jpg,1
289572,subset7_negative_08613_138935.jpg,0
381254,subset9_positive_44795_133888.jpg,1
198133,subset4_negative_47868_110187.jpg,0
322082,subset7_negative_74972_131817.jpg,0
56648,subset1_negative_36171_138531.jpg,0
184351,subset4_negative_89321_103886.jpg,0
111714,subset2_positive_53756_108434.jpg,1
419348,subset9_negative_03264_112322.jpg,0
40940,subset0_negative_67830_110657.jpg,0
173039,subset3_negative_57753_113181.jpg,0
147232,subset3_negative_94314_104547.jpg,0
298257,subset7_negative_20099_142108.jpg,0
219378,subset4_positive_16111_101335.jpg,1
174603,subset4_positive_02477_124018.jpg,1
372962,subset8_positive_36860_140718.jpg,1
54750,subset1_negative_93071_123037.jpg,0
64187,subset1_positive_46335_119287.jpg,1
225509,subset4_positive_26314_117413.jpg,1
43499,subset0_negative_90879_132592.jpg,0
138823,subset3_negative_74930_130652.jpg,0
184280,subset4_positive_94975_105384.jpg,1
105361,subset2_positive_11877_118511.jpg,1
227291,subset4_positive_66972_138844.jpg,1
169000,subset3_positive_80130_110208.jpg,1
181652,subset4_negative_25545_141137.jpg,0
46163,subset1_negative_29132_118773.jpg,0
96686,subset2_negative_11693_128595.jpg,0
221636,subset4_negative_61436_101446.jpg,0
43279,subset0_negative_74444_109301.jpg,0
396733,subset9_positive_96518_105613.jpg,1
171418,subset3_negative_18292_139288.jpg,0
19585,subset0_positive_56733_102108.jpg,1
251006,subset5_negative_26488_134349.jpg,0
233031,subset4_negative_68219_100278.jpg,0
223440,subset4_negative_01585_105432.jpg,0
119818,subset2_positive_22101_110772.jpg,1
60433,subset1_negative_29132_119182.jpg,0
254335,subset5_positive_80786_141145.jpg,1
32634,subset0_negative_57827_121244.jpg,0
81106,subset1_negative_18048_135359.jpg,0
141421,subset3_positive_85629_104057.jpg,1
16743,subset0_negative_20874_125424.jpg,0
308993,subset7_negative_03198_125701.jpg,0
7845,subset0_positive_41371_120532.jpg,1
394341,subset9_negative_78531_122223.jpg,0
201252,subset4_positive_22907_116821.jpg,1
377452,subset9_negative_49282_126465.jpg,0
183597,subset4_positive_55750_113925.jpg,1
108847,subset2_positive_65421_134057.jpg,1
410135,subset9_positive_44075_104666.jpg,1
381684,subset9_positive_60291_114639.jpg,1
260235,subset5_positive_51914_119589.jpg,1
294558,subset7_positive_38704_128862.jpg,1
56708,subset1_negative_82679_107809.jpg,0
192251,subset4_negative_06585_118654.jpg,0
226950,subset4_negative_94083_118392.jpg,0
186560,subset4_negative_94709_121717.jpg,0
363205,subset8_negative_02181_112626.jpg,0
302555,subset7_positive_38925_139320.jpg,1
59972,subset1_positive_34066_134326.jpg,1
193154,subset4_positive_47868_104963.jpg,1
45219,subset0_negative_00950_103698.jpg,0
67949,subset1_negative_82679_108967.jpg,0
74470,subset1_negative_77603_139652.jpg,0
231275,subset4_positive_26314_109559.jpg,1
180511,subset4_negative_41306_124046.jpg,0
44019,subset0_negative_42411_111903.jpg,0
87635,subset1_positive_59845_136185.jpg,1
153079,subset3_negative_32029_140051.jpg,0
170318,subset3_negative_67558_106688.jpg,0
313583,subset7_positive_74972_131651.jpg,1
315902,subset7_negative_13755_137325.jpg,0
269294,subset5_negative_96664_119132.jpg,0
251602,subset5_negative_26096_120182.jpg,0
48117,subset1_positive_26290_140862.jpg,1
280006,subset5_positive_69223_144665.jpg,1
31781,subset0_positive_19196_145227.jpg,1
220011,subset4_negative_08261_106274.jpg,0
163162,subset3_positive_05368_136482.jpg,1
108857,subset2_positive_76160_117240.jpg,1
186201,subset4_positive_45468_102065.jpg,1
75911,subset1_negative_51579_137880.jpg,0
108149,subset2_positive_14593_140788.jpg,1
103262,subset2_negative_87095_126696.jpg,0
340050,subset8_positive_69862_103054.jpg,1
345426,subset8_negative_66896_131468.jpg,0
406103,subset9_negative_07064_129904.jpg,0
348341,subset8_positive_88203_128215.jpg,1
153766,subset3_positive_29969_127548.jpg,1
59931,subset1_positive_34291_113551.jpg,1
283695,subset5_negative_70157_139551.jpg,0
242545,subset5_positive_38785_127671.jpg,1
379719,subset9_negative_84692_145204.jpg,0
171303,subset3_positive_15660_103118.jpg,1
91243,subset2_negative_32739_104343.jpg,0
84561,subset1_negative_15089_109525.jpg,0
368006,subset8_positive_58130_135217.jpg,1
32267,subset0_positive_61074_144855.jpg,1
205594,subset4_positive_59377_102881.jpg,1
96065,subset2_negative_83786_127773.jpg,0
336694,subset8_positive_92139_138582.jpg,1
246971,subset5_negative_35878_125440.jpg,0
259296,subset5_negative_35112_133572.jpg,0
102740,subset2_positive_42958_123604.jpg,1
169279,subset3_negative_53872_134068.jpg,0
211043,subset4_positive_45468_101058.jpg,1
316252,subset7_negative_85510_118021.jpg,0
308962,subset7_negative_82299_142849.jpg,0
185695,subset4_positive_55750_113924.jpg,1
148657,subset3_positive_74930_130330.jpg,1
37323,subset0_negative_98326_101446.jpg,0
407004,subset9_negative_52136_115833.jpg,0
370601,subset8_negative_36860_141107.jpg,0
146986,subset3_negative_85969_126009.jpg,0
172117,subset3_positive_84591_114520.jpg,1
305444,subset7_positive_96549_121704.jpg,1
386675,subset9_positive_10197_142119.jpg,1
144260,subset3_positive_81128_108100.jpg,1
35814,subset0_positive_75227_123103.jpg,1
279035,subset5_negative_54201_112163.jpg,0
146165,subset3_negative_15280_119011.jpg,0
112185,subset2_positive_29556_106659.jpg,1
364416,subset8_positive_06815_110865.jpg,1
66469,subset1_negative_28066_137426.jpg,0
279576,subset5_negative_94647_131163.jpg,0
161018,subset3_positive_05368_136483.jpg,1
192384,subset4_positive_21805_106857.jpg,1
205678,subset4_positive_00951_101285.jpg,1
376539,subset9_negative_61822_133100.jpg,0
15758,subset0_negative_47975_140149.jpg,0
44371,subset0_negative_15359_112023.jpg,0
50170,subset1_positive_60014_111131.jpg,1
185462,subset4_positive_18032_101932.jpg,1
180250,subset4_positive_55750_125896.jpg,1
417634,subset9_negative_21227_124276.jpg,0
121587,subset2_negative_95628_108305.jpg,0
182865,subset4_positive_39846_127013.jpg,1
347222,subset8_negative_59233_111614.jpg,0
78926,subset1_negative_22343_125760.jpg,0
207091,subset4_negative_01883_122973.jpg,0
101666,subset2_negative_30424_112114.jpg,0
154444,subset3_positive_28406_124980.jpg,1
203348,subset4_negative_65680_126834.jpg,0
50893,subset1_positive_26290_140861.jpg,1
130819,subset2_positive_73630_136006.jpg,1
111781,subset2_positive_96708_106046.jpg,1
88176,subset1_positive_47886_119864.jpg,1
30120,subset0_negative_19526_141019.jpg,0
200315,subset4_positive_00951_101287.jpg,1
225176,subset4_positive_55115_123076.jpg,1
187414,subset4_negative_38096_115221.jpg,0
12421,subset0_positive_15359_112014.jpg,1
240414,subset4_positive_17281_104566.jpg,1
181804,subset4_positive_94709_139139.jpg,1
228942,subset4_positive_02384_115897.jpg,1
325636,subset7_negative_90470_128461.jpg,0
297680,subset7_positive_02075_137878.jpg,1
383420,subset9_positive_86521_121691.jpg,1
91532,subset2_negative_85405_131764.jpg,0
310010,subset7_positive_58535_143086.jpg,1
338941,subset8_negative_59551_105824.jpg,0
47955,subset1_positive_55143_111502.jpg,1
302652,subset7_positive_41480_132372.jpg,1
83294,subset1_negative_77603_140057.jpg,0
196211,subset4_negative_12286_104261.jpg,0
208416,subset4_positive_55058_100660.jpg,1
294546,subset7_positive_44415_119615.jpg,1
176269,subset4_negative_65680_126932.jpg,0
413685,subset9_positive_85809_106884.jpg,1
331463,subset7_negative_11210_126385.jpg,0
315495,subset7_negative_90986_112037.jpg,0
379196,subset9_negative_22785_108011.jpg,0
26418,subset0_negative_13686_114229.jpg,0
96367,subset2_positive_34230_125343.jpg,1
205672,subset4_negative_87176_117696.jpg,0
161517,subset3_negative_28406_125432.jpg,0
53928,subset1_negative_05509_136963.jpg,0
289764,subset7_negative_11228_101384.jpg,0
88112,subset1_positive_47886_119858.jpg,1
409439,subset9_negative_88650_106628.jpg,0
399859,subset9_negative_86458_146272.jpg,0
1392,subset0_negative_95820_115155.jpg,0
264272,subset5_positive_58588_117913.jpg,1
264920,subset5_positive_89377_145833.jpg,1
41218,subset0_negative_56843_130270.jpg,0
348153,subset8_negative_46898_108083.jpg,0
301447,subset7_positive_23138_110684.jpg,1
150698,subset3_positive_26588_133016.jpg,1
250269,subset5_negative_35112_133274.jpg,0
314900,subset7_positive_35012_129687.jpg,1
306315,subset7_negative_28616_102885.jpg,0
400666,subset9_positive_82004_110635.jpg,1
62256,subset1_negative_24196_102268.jpg,0
232401,subset4_positive_17281_104564.jpg,1
155699,subset3_negative_11671_104930.jpg,0
11392,subset0_positive_47663_104115.jpg,1
308564,subset7_positive_57528_127128.jpg,1
106560,subset2_negative_50076_109188.jpg,0
406666,subset9_negative_80358_130465.jpg,0
99112,subset2_positive_34230_125340.jpg,1
120026,subset2_negative_01943_113221.jpg,0
350337,subset8_negative_26253_115907.jpg,0
320907,subset7_positive_34169_142165.jpg,1
10968,subset0_positive_06005_114267.jpg,1
67694,subset1_positive_53085_120424.jpg,1
297022,subset7_positive_25932_116323.jpg,1
338097,subset8_negative_44726_118255.jpg,0
144878,subset3_negative_52285_116977.jpg,0
365058,subset8_negative_59551_105848.jpg,0
388797,subset9_negative_80358_130481.jpg,0
99542,subset2_positive_13632_127952.jpg,1
349372,subset8_positive_60532_103999.jpg,1
378721,subset9_negative_14638_140741.jpg,0
293310,subset7_negative_63577_140201.jpg,0
212976,subset4_negative_87713_102632.jpg,0
201213,subset4_positive_57505_115659.jpg,1
95496,subset2_negative_21294_115234.jpg,0
233191,subset4_negative_11064_117349.jpg,0
245887,subset5_negative_08334_122414.jpg,0
39526,subset0_negative_42411_111864.jpg,0
271721,subset5_negative_76100_138136.jpg,0
20246,subset0_negative_13686_113777.jpg,0
247473,subset5_negative_19348_108521.jpg,0
224127,subset4_positive_66972_138845.jpg,1
125017,subset2_negative_14593_141071.jpg,0
112238,subset2_negative_40811_103367.jpg,0
27358,subset0_positive_00410_100001.jpg,1
89857,subset2_positive_34230_125344.jpg,1
245565,subset5_negative_89377_146073.jpg,0
200182,subset4_negative_43151_104624.jpg,0
350723,subset8_negative_26253_115898.jpg,0
97063,subset2_positive_06982_100001.jpg,1
38312,subset0_positive_56843_130013.jpg,1
69595,subset1_positive_33640_124936.jpg,1
43478,subset0_negative_62523_116761.jpg,0
222630,subset4_negative_83725_113392.jpg,0
164183,subset3_negative_65567_128755.jpg,0
190334,subset4_positive_66972_138848.jpg,1
159944,subset3_positive_16689_114881.jpg,1
234298,subset4_positive_26314_117415.jpg,1
303076,subset7_negative_38881_116965.jpg,0
402460,subset9_negative_46446_111869.jpg,0
32902,subset0_negative_55114_107675.jpg,0
417990,subset9_positive_07402_117668.jpg,1
174494,subset4_negative_89321_107562.jpg,0
207011,subset4_positive_55268_115552.jpg,1
408048,subset9_positive_97221_139055.jpg,1
417063,subset9_positive_16474_128287.jpg,1
422700,subset9_positive_41021_141299.jpg,1
337902,subset8_positive_36359_139913.jpg,1
84931,subset1_positive_59845_136186.jpg,1
363186,subset8_negative_21954_128906.jpg,0
148198,subset3_negative_35275_126543.jpg,0
387386,subset9_negative_87015_147018.jpg,0
261784,subset5_positive_18641_115127.jpg,1
320949,subset7_negative_31091_127696.jpg,0
20755,subset0_positive_71780_106444.jpg,1
227766,subset4_positive_52637_106501.jpg,1
124361,subset2_positive_83786_127652.jpg,1
272360,subset5_negative_96664_119137.jpg,0
373413,subset8_positive_26253_115711.jpg,1
204350,subset4_negative_57505_128582.jpg,0
200148,subset4_positive_52637_112121.jpg,1
142928,subset3_positive_09630_141100.jpg,1
83109,subset1_positive_55143_111497.jpg,1
185163,subset4_negative_40429_107788.jpg,0
355839,subset8_positive_64658_110077.jpg,1
338806,subset8_negative_46898_108142.jpg,0
282995,subset5_negative_35112_133450.jpg,0
17198,subset0_negative_95820_115093.jpg,0
161929,subset3_negative_49169_132567.jpg,0
74528,subset1_positive_95147_114152.jpg,1
320334,subset7_negative_13386_109671.jpg,0
78602,subset1_negative_09754_107336.jpg,0
164562,subset3_positive_58859_140324.jpg,1
354434,subset8_negative_76488_137620.jpg,0
249790,subset5_positive_15800_132269.jpg,1
7072,subset0_negative_21281_105211.jpg,0
305059,subset7_positive_52962_121099.jpg,1
77259,subset1_positive_95147_114150.jpg,1
43202,subset0_negative_48912_138019.jpg,0
196896,subset4_positive_94975_110738.jpg,1
288512,subset5_negative_15038_114552.jpg,0
136676,subset3_negative_91756_112406.jpg,0
360178,subset8_negative_37212_119867.jpg,0
229136,subset4_positive_39846_114748.jpg,1
146542,subset3_negative_18990_119653.jpg,0
318853,subset7_negative_77077_104793.jpg,0
104130,subset2_positive_29286_142284.jpg,1
177752,subset4_positive_47868_109613.jpg,1
154040,subset3_negative_26588_133693.jpg,0
351164,subset8_negative_93813_136204.jpg,0
119487,subset2_negative_85405_131483.jpg,0
130253,subset2_positive_40405_109766.jpg,1
113039,subset2_positive_14832_105711.jpg,1
380255,subset9_negative_46707_120805.jpg,0
331003,subset7_negative_01753_117487.jpg,0
57202,subset1_negative_82679_108977.jpg,0
277764,subset5_positive_74084_123721.jpg,1
153511,subset3_negative_57753_113290.jpg,0
398328,subset9_positive_09785_129601.jpg,1
232778,subset4_negative_73142_130099.jpg,0
146794,subset3_negative_20378_116064.jpg,0
144735,subset3_positive_09630_141101.jpg,1
416769,subset9_negative_88402_131936.jpg,0
189699,subset4_positive_39846_114746.jpg,1
228837,subset4_positive_55750_113929.jpg,1
223516,subset4_negative_10450_111037.jpg,0
287431,subset5_negative_73537_104285.jpg,0
74587,subset1_positive_95147_114153.jpg,1
28666,subset0_positive_96730_135067.jpg,1
252842,subset5_positive_54720_123091.jpg,1
307467,subset7_negative_57224_125291.jpg,0
114129,subset2_positive_95628_107813.jpg,1
282810,subset5_positive_15800_132263.jpg,1
305344,subset7_negative_13755_137066.jpg,0
105318,subset2_positive_98594_111242.jpg,1
14981,subset0_positive_65145_138591.jpg,1
219108,subset4_positive_97306_129467.jpg,1
284654,subset5_positive_22764_143065.jpg,1
413511,subset9_negative_44455_127533.jpg,0
410529,subset9_negative_79976_117636.jpg,0
339527,subset8_negative_38498_124683.jpg,0
223604,subset4_negative_39846_114897.jpg,0
392559,subset9_negative_65787_136978.jpg,0
189569,subset4_positive_97306_115917.jpg,1
156372,subset3_positive_09630_141095.jpg,1
340449,subset8_positive_79503_118431.jpg,1
116964,subset2_positive_63696_136018.jpg,1
161764,subset3_positive_24156_138460.jpg,1
138151,subset3_positive_11210_141332.jpg,1
337115,subset8_positive_59071_120635.jpg,1
189464,subset4_negative_55115_123547.jpg,0
37821,subset0_negative_20874_125329.jpg,0
401296,subset9_positive_22205_120888.jpg,1
122269,subset2_negative_75647_130728.jpg,0
298022,subset7_negative_25649_108277.jpg,0
24481,subset0_positive_00410_100002.jpg,1
255491,subset5_positive_58588_117914.jpg,1
317930,subset7_negative_38881_117097.jpg,0
22992,subset0_negative_61074_144997.jpg,0
359398,subset8_negative_90445_115691.jpg,0
129320,subset2_negative_40572_140408.jpg,0
359461,subset8_positive_64658_110075.jpg,1
41085,subset0_positive_19490_119448.jpg,1
396773,subset9_negative_27970_143529.jpg,0
388581,subset9_negative_86458_145809.jpg,0
4976,subset0_positive_62523_116441.jpg,1
263614,subset5_positive_34623_144148.jpg,1
13861,subset0_positive_74444_108954.jpg,1
149179,subset3_positive_30132_100529.jpg,1
191846,subset4_positive_87176_117580.jpg,1
83150,subset1_negative_60826_111125.jpg,0
243176,subset5_positive_27966_116055.jpg,1
200047,subset4_positive_94709_121665.jpg,1
360710,subset8_positive_30421_124252.jpg,1
87456,subset1_positive_06551_127620.jpg,1
161862,subset3_negative_81128_108196.jpg,0
225263,subset4_negative_98197_113485.jpg,0
26161,subset0_negative_57827_121652.jpg,0
205608,subset4_positive_78950_112211.jpg,1
357222,subset8_negative_13951_101046.jpg,0
232104,subset4_positive_55750_125901.jpg,1
379130,subset9_positive_44795_133889.jpg,1
155287,subset3_negative_15280_119191.jpg,0
152550,subset3_positive_26689_141546.jpg,1
7958,subset0_positive_78441_136069.jpg,1
395756,subset9_positive_11437_107656.jpg,1
115016,subset2_positive_87266_114402.jpg,1
248492,subset5_positive_45028_128437.jpg,1
33506,subset0_negative_20874_125577.jpg,0
402511,subset9_positive_08169_102622.jpg,1
9473,subset0_negative_64321_102969.jpg,0
383912,subset9_positive_79976_117377.jpg,1
284135,subset5_positive_38609_120666.jpg,1
139568,subset3_positive_15280_118913.jpg,1
419245,subset9_negative_91202_105349.jpg,0
187761,subset4_positive_97507_130135.jpg,1
320703,subset7_negative_77129_106994.jpg,0
211430,subset4_positive_79986_142874.jpg,1
279897,subset5_positive_15800_132266.jpg,1
22588,subset0_positive_97495_121693.jpg,1
159280,subset3_positive_20766_125447.jpg,1
353852,subset8_positive_66896_131420.jpg,1
232759,subset4_positive_17281_101811.jpg,1
228266,subset4_positive_87713_102580.jpg,1
59761,subset1_negative_03192_113379.jpg,0
22593,subset0_positive_18345_120771.jpg,1
418524,subset9_negative_62827_101552.jpg,0
176547,subset4_positive_24767_116923.jpg,1
296605,subset7_positive_57224_125043.jpg,1
46330,subset1_positive_65896_140466.jpg,1
159000,subset3_negative_06819_109163.jpg,0
192269,subset4_positive_78950_112215.jpg,1
63917,subset1_negative_60014_111442.jpg,0
117004,subset2_positive_13746_110110.jpg,1
404334,subset9_negative_68431_129344.jpg,0
400516,subset9_positive_88650_106463.jpg,1
359068,subset8_negative_17534_120258.jpg,0
237018,subset4_positive_17281_101812.jpg,1
286567,subset5_negative_02868_143894.jpg,0
288112,subset5_negative_74084_124172.jpg,0
27099,subset0_negative_69037_131494.jpg,0
78761,subset1_negative_95397_119835.jpg,0
418449,subset9_negative_29210_138343.jpg,0
364513,subset8_positive_53237_106898.jpg,1
346072,subset8_negative_59071_120787.jpg,0
184538,subset4_negative_89762_102511.jpg,0
140670,subset3_negative_09630_141248.jpg,0
386133,subset9_negative_78363_111213.jpg,0
201667,subset4_positive_59377_106372.jpg,1
305213,subset7_negative_80403_133825.jpg,0
257620,subset5_positive_77538_140732.jpg,1
322300,subset7_negative_20611_102649.jpg,0
149217,subset3_negative_35401_138291.jpg,0
372256,subset8_negative_74238_127306.jpg,0
262021,subset5_negative_02868_143791.jpg,0
54820,subset1_negative_05509_136949.jpg,0
48996,subset1_positive_03192_113181.jpg,1
67103,subset1_positive_10561_103541.jpg,1
310666,subset7_positive_39150_140714.jpg,1
169540,subset3_negative_53872_134134.jpg,0
44529,subset0_negative_21260_129816.jpg,0
50554,subset1_positive_47886_119857.jpg,1
109656,subset2_negative_61147_132815.jpg,0
361819,subset8_negative_46898_108267.jpg,0
328611,subset7_negative_07261_122777.jpg,0
136215,subset3_positive_53512_107753.jpg,1
107274,subset2_negative_56742_123406.jpg,0
238471,subset4_positive_26314_117416.jpg,1
47376,subset1_negative_81131_117097.jpg,0
121766,subset2_positive_83786_127651.jpg,1
249295,subset5_positive_95208_134915.jpg,1
419978,subset9_positive_46707_120266.jpg,1
225613,subset4_positive_55268_128044.jpg,1
227434,subset4_positive_65837_116069.jpg,1
135461,subset3_negative_53512_107939.jpg,0
75238,subset1_negative_56430_105588.jpg,0
268926,subset5_positive_49228_116304.jpg,1
233141,subset4_negative_73142_130072.jpg,0
348176,subset8_negative_50446_121552.jpg,0
352372,subset8_positive_79830_133182.jpg,1
159852,subset3_negative_28329_137464.jpg,0
282400,subset5_negative_91305_142568.jpg,0
233080,subset4_positive_88746_114370.jpg,1
212019,subset4_positive_96643_116824.jpg,1
194673,subset4_positive_97306_129468.jpg,1
142080,subset3_negative_74930_130527.jpg,0
353038,subset8_negative_85942_139801.jpg,0
61824,subset1_positive_00418_135641.jpg,1
209887,subset4_negative_11282_105332.jpg,0
417906,subset9_negative_91202_105374.jpg,0
358683,subset8_positive_88203_128220.jpg,1
405401,subset9_positive_97221_139054.jpg,1
279612,subset5_negative_65646_100294.jpg,0
323224,subset7_positive_01463_130815.jpg,1
1317,subset0_negative_95820_115169.jpg,0
148778,subset3_positive_15391_120780.jpg,1
282333,subset5_positive_15800_132267.jpg,1
211452,subset4_positive_44897_100909.jpg,1
147775,subset3_positive_97985_105191.jpg,1
234808,subset4_positive_43898_101354.jpg,1
207469,subset4_positive_94083_133663.jpg,1
382390,subset9_positive_64804_117146.jpg,1
144831,subset3_negative_09852_118651.jpg,0
298102,subset7_negative_75826_106680.jpg,0
396858,subset9_positive_68431_129058.jpg,1
91416,subset2_negative_38797_129234.jpg,0
237760,subset4_negative_04168_130966.jpg,0
276932,subset5_positive_15800_132265.jpg,1
409128,subset9_positive_44075_104667.jpg,1
14526,subset0_negative_22488_122298.jpg,0
143152,subset3_positive_09852_118608.jpg,1
323350,subset7_negative_66345_119212.jpg,0
163371,subset3_positive_58474_115076.jpg,1
96605,subset2_negative_67131_129848.jpg,0
337380,subset8_negative_40520_116446.jpg,0
234701,subset4_positive_25757_123242.jpg,1
244504,subset5_negative_26975_109425.jpg,0
28442,subset0_positive_08059_126302.jpg,1
269141,subset5_positive_55680_134574.jpg,1
143106,subset3_negative_61062_112127.jpg,0
224257,subset4_negative_81626_119584.jpg,0
189993,subset4_positive_55750_113927.jpg,1
189689,subset4_negative_22907_131295.jpg,0
393379,subset9_positive_38633_146296.jpg,1
134231,subset3_positive_09377_128074.jpg,1
259189,subset5_positive_00770_100001.jpg,1
329974,subset7_positive_87700_138945.jpg,1
219879,subset4_negative_45513_140113.jpg,0
358065,subset8_positive_45208_113322.jpg,1
351169,subset8_positive_66896_131422.jpg,1
46246,subset1_positive_03192_113182.jpg,1
220572,subset4_positive_51615_118124.jpg,1
231383,subset4_positive_18032_104926.jpg,1
410566,subset9_negative_67626_116916.jpg,0
242396,subset5_negative_77538_140905.jpg,0
114,subset0_negative_73682_144784.jpg,0
86930,subset1_positive_59366_101014.jpg,1
64684,subset1_positive_84739_129764.jpg,1
96964,subset2_positive_90311_109875.jpg,1
3623,subset0_positive_62523_116440.jpg,1
354937,subset8_positive_79830_133181.jpg,1
374293,subset8_positive_15668_135760.jpg,1
62791,subset1_negative_43476_106169.jpg,0
8360,subset0_positive_47734_103152.jpg,1
99601,subset2_negative_08179_139086.jpg,0
257185,subset5_negative_97218_129512.jpg,0
188855,subset4_positive_55268_128049.jpg,1
361276,subset8_positive_88203_128219.jpg,1
108829,subset2_negative_31442_118670.jpg,0
179614,subset4_negative_81626_118928.jpg,0
105707,subset2_negative_32478_138758.jpg,0
195937,subset4_positive_21600_113228.jpg,1
85395,subset1_positive_06551_127622.jpg,1
213335,subset4_negative_45782_134795.jpg,0
254883,subset5_negative_49228_116586.jpg,0
357868,subset8_negative_93813_136426.jpg,0
33750,subset0_negative_83845_133793.jpg,0
363633,subset8_positive_48666_120339.jpg,1
318075,subset7_positive_34169_142166.jpg,1
114949,subset2_positive_35891_106972.jpg,1
154696,subset3_positive_09630_141097.jpg,1
71804,subset1_positive_31276_112345.jpg,1
355412,subset8_negative_61192_117739.jpg,0
121820,subset2_positive_65478_134692.jpg,1
417179,subset9_negative_62827_101397.jpg,0
136475,subset3_positive_25236_117717.jpg,1
323438,subset7_negative_91325_105893.jpg,0
102534,subset2_positive_11877_118514.jpg,1
377332,subset9_negative_84692_145010.jpg,0
4088,subset0_positive_12111_107806.jpg,1
117461,subset2_negative_29831_120311.jpg,0
415443,subset9_negative_20243_113425.jpg,0
354795,subset8_negative_48335_114625.jpg,0
51265,subset1_positive_17499_114570.jpg,1
188815,subset4_positive_55268_128048.jpg,1
155908,subset3_positive_26689_141548.jpg,1
194067,subset4_negative_88746_114609.jpg,0
176687,subset4_positive_94975_105383.jpg,1
193491,subset4_negative_25545_141023.jpg,0
345215,subset8_negative_00599_123701.jpg,0
56523,subset1_negative_57286_100081.jpg,0
281624,subset5_negative_68929_126925.jpg,0
403475,subset9_positive_88650_106460.jpg,1
38227,subset0_positive_97097_105252.jpg,1
117923,subset2_negative_93869_137642.jpg,0
181708,subset4_positive_55750_113921.jpg,1
181879,subset4_negative_12286_109121.jpg,0
420448,subset9_positive_27416_100000.jpg,1
83025,subset1_negative_01375_124249.jpg,0
25308,subset0_negative_66493_145965.jpg,0
354880,subset8_positive_92959_121644.jpg,1
108106,subset2_positive_11877_118512.jpg,1
224022,subset4_positive_24767_132043.jpg,1
7376,subset0_negative_47663_104204.jpg,0
48571,subset1_negative_09754_107464.jpg,0
150533,subset3_positive_28329_137225.jpg,1
332212,subset7_positive_31091_127444.jpg,1
2970,subset0_positive_98326_101167.jpg,1
27483,subset0_negative_19490_119463.jpg,0
309717,subset7_positive_93724_132109.jpg,1
5392,subset0_negative_20843_136822.jpg,0
332948,subset7_negative_11210_126233.jpg,0
175057,subset4_positive_55750_113923.jpg,1
377716,subset9_negative_03264_112503.jpg,0
330735,subset7_negative_38194_101888.jpg,0
398894,subset9_negative_20823_104521.jpg,0
5463,subset0_negative_53557_128887.jpg,0
157812,subset3_positive_26689_141549.jpg,1
264234,subset5_negative_08334_122673.jpg,0
22816,subset0_negative_43514_130390.jpg,0
95188,subset2_positive_47209_113572.jpg,1
255927,subset5_positive_75734_133775.jpg,1
4177,subset0_negative_98509_144008.jpg,0
262173,subset5_positive_00770_100002.jpg,1
115155,subset2_positive_13746_110114.jpg,1
370321,subset8_positive_55819_134239.jpg,1
189878,subset4_positive_17227_121596.jpg,1
233836,subset4_positive_43898_101355.jpg,1
372878,subset8_negative_59233_111861.jpg,0
19233,subset0_negative_60596_109573.jpg,0
7173,subset0_negative_82729_132114.jpg,0
202993,subset4_positive_55268_115551.jpg,1
264381,subset5_negative_51914_120031.jpg,0
360713,subset8_negative_30842_111487.jpg,0
98301,subset2_positive_92387_130993.jpg,1
150994,subset3_negative_09630_141217.jpg,0
347544,subset8_negative_75427_102924.jpg,0
372438,subset8_negative_37212_119587.jpg,0
282465,subset5_positive_03031_101950.jpg,1
400042,subset9_positive_20823_103970.jpg,1
238840,subset4_positive_55750_125898.jpg,1
101177,subset2_negative_61147_133267.jpg,0
190593,subset4_positive_39846_127011.jpg,1
168103,subset3_negative_58859_140418.jpg,0
391176,subset9_positive_20243_112655.jpg,1
401603,subset9_positive_11437_107659.jpg,1
214879,subset4_positive_21805_102964.jpg,1
183723,subset4_negative_01585_105738.jpg,0
340772,subset8_positive_79503_118430.jpg,1
353385,subset8_positive_75427_102832.jpg,1
11527,subset0_positive_96730_135068.jpg,1
54494,subset1_positive_22343_125708.jpg,1
366551,subset8_positive_35414_101179.jpg,1
112802,subset2_negative_79250_118257.jpg,0
232916,subset4_positive_66972_138843.jpg,1
187094,subset4_positive_02477_124021.jpg,1
9105,subset0_positive_06005_114266.jpg,1
341014,subset8_negative_30842_111201.jpg,0
228543,subset4_positive_66972_138846.jpg,1
376051,subset9_negative_14638_140965.jpg,0
49163,subset1_negative_04825_123632.jpg,0
31691,subset0_negative_19998_100356.jpg,0
340702,subset8_positive_15668_135757.jpg,1
398172,subset9_positive_82004_110638.jpg,1
354207,subset8_positive_75427_102827.jpg,1
175835,subset4_negative_39398_118045.jpg,0
91456,subset2_positive_67131_129816.jpg,1
406180,subset9_negative_20823_104476.jpg,0
418544,subset9_negative_08169_103107.jpg,0
240935,subset5_negative_85026_119343.jpg,0
330672,subset7_positive_17588_144409.jpg,1
54745,subset1_negative_24196_102230.jpg,0
69231,subset1_positive_31276_112346.jpg,1
340488,subset8_negative_28517_140478.jpg,0
16190,subset0_positive_58748_115215.jpg,1
340707,subset8_positive_36359_139917.jpg,1
389769,subset9_negative_87015_146943.jpg,0
31213,subset0_negative_61074_144984.jpg,0
92572,subset2_negative_29831_120196.jpg,0
69364,subset1_negative_51579_137926.jpg,0
344271,subset8_negative_44726_118327.jpg,0
44150,subset0_positive_97097_105254.jpg,1
260644,subset5_negative_24702_117539.jpg,0
368157,subset8_positive_55819_134238.jpg,1
55274,subset1_positive_04825_123283.jpg,1
220523,subset4_positive_21600_113227.jpg,1
85206,subset1_negative_93071_122901.jpg,0
148541,subset3_positive_09630_141099.jpg,1
319304,subset7_negative_38881_117109.jpg,0
208359,subset4_positive_00951_101288.jpg,1
407059,subset9_negative_22785_108453.jpg,0
269854,subset5_negative_84519_112872.jpg,0
122216,subset2_positive_65305_103596.jpg,1
152536,subset3_positive_58228_131615.jpg,1
222220,subset4_negative_81626_119454.jpg,0
43947,subset0_positive_83845_133434.jpg,1
271096,subset5_negative_80824_146438.jpg,0
186134,subset4_negative_89762_105684.jpg,0
334480,subset8_negative_55819_134530.jpg,0
51374,subset1_positive_28428_130864.jpg,1
7550,subset0_positive_19998_100212.jpg,1
126218,subset2_negative_52296_101957.jpg,0
104413,subset2_positive_24301_126750.jpg,1
174751,subset4_positive_66972_121662.jpg,1
168513,subset3_positive_96610_101514.jpg,1
291993,subset7_negative_88562_114245.jpg,0
317280,subset7_negative_91325_105941.jpg,0
210697,subset4_negative_74043_110034.jpg,0
292377,subset7_negative_07261_122828.jpg,0
94666,subset2_positive_69356_119028.jpg,1
242028,subset5_positive_46497_131265.jpg,1
81412,subset1_negative_29132_118962.jpg,0
13156,subset0_negative_12111_108098.jpg,0
1988,subset0_negative_12179_101483.jpg,0
238674,subset4_positive_26314_117417.jpg,1
66109,subset1_negative_69557_101855.jpg,0
149853,subset3_negative_17774_111733.jpg,0
334690,subset8_negative_58130_135443.jpg,0
29648,subset0_negative_42411_111793.jpg,0
111913,subset2_positive_29556_106658.jpg,1
104797,subset2_positive_60568_122377.jpg,1
225451,subset4_positive_43898_101353.jpg,1
106748,subset2_positive_29556_106656.jpg,1
409666,subset9_negative_52136_115603.jpg,0
49604,subset1_negative_47372_140442.jpg,0
347531,subset8_positive_92959_121643.jpg,1
225419,subset4_positive_25545_123118.jpg,1
83252,subset1_negative_53085_120438.jpg,0
399751,subset9_positive_81600_110676.jpg,1
86510,subset1_negative_48683_106857.jpg,0
319494,subset7_negative_66345_119128.jpg,0
231996,subset4_negative_89321_107541.jpg,0
80649,subset1_positive_28066_137216.jpg,1
362327,subset8_positive_80114_141348.jpg,1
15921,subset0_negative_65145_139013.jpg,0
176416,subset4_positive_78950_122834.jpg,1
150877,subset3_negative_25349_136002.jpg,0
314312,subset7_negative_68085_114925.jpg,0
229505,subset4_positive_25757_123246.jpg,1
153552,subset3_negative_64961_103111.jpg,0
146639,subset3_negative_81128_108198.jpg,0
14604,subset0_positive_19196_145228.jpg,1
205961,subset4_negative_06585_110581.jpg,0
149364,subset3_positive_24156_138457.jpg,1
333928,subset8_positive_04249_114706.jpg,1
26576,subset0_negative_74565_116965.jpg,0
59236,subset1_positive_84739_129762.jpg,1
403252,subset9_negative_33473_102502.jpg,0
107887,subset2_positive_11877_118510.jpg,1
351039,subset8_negative_58572_109282.jpg,0
263315,subset5_negative_05135_118699.jpg,0
400086,subset9_negative_89532_136313.jpg,0
192442,subset4_positive_00951_102950.jpg,1
78944,subset1_positive_28066_137217.jpg,1
304337,subset7_positive_81782_133926.jpg,1
258826,subset5_negative_26096_120530.jpg,0
169828,subset3_positive_42570_129536.jpg,1
120370,subset2_positive_13746_110112.jpg,1
23853,subset0_positive_55114_107166.jpg,1
347001,subset8_positive_48335_114308.jpg,1
186362,subset4_positive_66972_121659.jpg,1
406925,subset9_positive_88650_106464.jpg,1
52354,subset1_positive_24616_132689.jpg,1
192916,subset4_positive_65837_108412.jpg,1
176018,subset4_positive_94975_105382.jpg,1
100643,subset2_negative_85333_142223.jpg,0
107718,subset2_negative_01943_113376.jpg,0
220947,subset4_positive_00951_102948.jpg,1
59788,subset1_negative_56038_115765.jpg,0
380182,subset9_positive_02207_144185.jpg,1
59727,subset1_negative_96592_120969.jpg,0
248579,subset5_positive_80992_107135.jpg,1
129760,subset2_positive_83786_127654.jpg,1
272644,subset5_negative_77538_141134.jpg,0
188722,subset4_negative_39846_114904.jpg,0
63063,subset1_positive_12456_122542.jpg,1
50814,subset1_negative_24196_102196.jpg,0
390308,subset9_negative_89532_135362.jpg,0
421474,subset9_negative_67838_110448.jpg,0
330155,subset7_positive_01463_130812.jpg,1
179901,subset4_negative_25757_141323.jpg,0
77115,subset1_positive_95147_114151.jpg,1
61783,subset1_positive_19224_142729.jpg,1
170615,subset3_negative_04919_121905.jpg,0
15413,subset0_negative_69037_130998.jpg,0
306128,subset7_negative_22213_123612.jpg,0
42379,subset0_negative_55114_107210.jpg,0
406454,subset9_positive_88650_106459.jpg,1
219648,subset4_positive_94207_119084.jpg,1
51331,subset1_positive_03192_113180.jpg,1
94847,subset2_negative_93869_137775.jpg,0
225690,subset4_negative_94083_134255.jpg,0
99607,subset2_positive_67131_129813.jpg,1
252152,subset5_positive_15800_132268.jpg,1
289982,subset7_positive_75826_106434.jpg,1
407052,subset9_positive_82004_110632.jpg,1
210606,subset4_negative_94040_138149.jpg,0
151292,subset3_positive_91582_135060.jpg,1
95373,subset2_negative_82428_101453.jpg,0
187851,subset4_positive_17227_121597.jpg,1
287522,subset5_negative_84296_127452.jpg,0
97344,subset2_positive_67131_129812.jpg,1
211233,subset4_negative_57505_128638.jpg,0
96335,subset2_positive_47209_113573.jpg,1
313199,subset7_negative_51777_124993.jpg,0
295307,subset7_negative_28864_112438.jpg,0
241082,subset5_positive_98037_140419.jpg,1
297156,subset7_positive_57842_131364.jpg,1
98936,subset2_positive_65478_134700.jpg,1
120859,subset2_positive_26125_113421.jpg,1
253272,subset5_negative_38609_120874.jpg,0
193754,subset4_negative_04168_116703.jpg,0
54692,subset1_negative_12456_122585.jpg,0
112366,subset2_negative_61147_133044.jpg,0
285761,subset5_positive_68929_126615.jpg,1
369081,subset8_positive_79503_118429.jpg,1
103600,subset2_positive_56951_128716.jpg,1
271831,subset5_negative_35878_125984.jpg,0
119381,subset2_negative_01943_113157.jpg,0
363823,subset8_positive_06815_110870.jpg,1
314263,subset7_positive_57224_125039.jpg,1
314245,subset7_negative_41480_132451.jpg,0
266610,subset5_negative_53158_136214.jpg,0
246843,subset5_positive_00450_139999.jpg,1
89649,subset2_negative_82428_101247.jpg,0
347638,subset8_negative_48856_130411.jpg,0
26101,subset0_positive_93273_134669.jpg,1
256646,subset5_negative_98037_140555.jpg,0
380018,subset9_positive_26530_137694.jpg,1
152910,subset3_negative_26588_133724.jpg,0
185341,subset4_positive_97306_115914.jpg,1
176184,subset4_positive_55750_125895.jpg,1
275092,subset5_negative_43183_113618.jpg,0
377721,subset9_negative_68094_108956.jpg,0
292843,subset7_negative_43064_109740.jpg,0
190028,subset4_positive_26314_109556.jpg,1
207217,subset4_positive_45468_101059.jpg,1
234480,subset4_positive_55268_128043.jpg,1
348934,subset8_positive_94671_113931.jpg,1
734,subset0_negative_12179_101521.jpg,0
409008,subset9_negative_03264_112586.jpg,0
297052,subset7_negative_13386_109380.jpg,0
129487,subset2_negative_73069_116640.jpg,0
161966,subset3_negative_18990_119885.jpg,0
143533,subset3_negative_21616_141971.jpg,0
92015,subset2_positive_67131_129814.jpg,1
254463,subset5_negative_40144_107956.jpg,0
119202,subset2_negative_13632_128313.jpg,0
239018,subset4_negative_65837_116395.jpg,0
422341,subset9_positive_27970_143526.jpg,1
93264,subset2_negative_34230_125478.jpg,0
191107,subset4_positive_55268_115556.jpg,1
123072,subset2_negative_93869_138299.jpg,0
350543,subset8_positive_27171_134693.jpg,1
44602,subset0_negative_90879_133276.jpg,0
119245,subset2_positive_73069_116109.jpg,1
232844,subset4_positive_44897_101668.jpg,1
183589,subset4_negative_22907_131446.jpg,0
314113,subset7_positive_11228_101014.jpg,1
110896,subset2_positive_14593_140790.jpg,1
227807,subset4_positive_02477_142418.jpg,1
223514,subset4_positive_16111_101336.jpg,1
411483,subset9_positive_85809_106885.jpg,1
225463,subset4_negative_55058_100883.jpg,0
351382,subset8_negative_59551_105711.jpg,0
235512,subset4_positive_26314_109560.jpg,1
292099,subset7_negative_68085_114807.jpg,0
223345,subset4_positive_94207_119085.jpg,1
69419,subset1_negative_93071_122970.jpg,0
182320,subset4_negative_47868_105099.jpg,0
14063,subset0_positive_18668_112310.jpg,1
50265,subset1_positive_39556_102414.jpg,1
313826,subset7_negative_81479_103356.jpg,0
397072,subset9_positive_11437_107654.jpg,1
225481,subset4_negative_38096_127664.jpg,0
399696,subset9_positive_16280_127690.jpg,1
20679,subset0_negative_19526_140734.jpg,0
254119,subset5_negative_76100_138676.jpg,0
276602,subset5_negative_08334_122849.jpg,0
27357,subset0_negative_55367_119079.jpg,0
78866,subset1_positive_44907_132199.jpg,1
127499,subset2_positive_40405_109759.jpg,1
247178,subset5_negative_53158_136480.jpg,0
327435,subset7_positive_02075_137876.jpg,1
193405,subset4_positive_34766_115206.jpg,1
82030,subset1_positive_47886_119863.jpg,1
305146,subset7_negative_90470_128378.jpg,0
40937,subset0_positive_17235_124332.jpg,1
43099,subset0_negative_69037_131220.jpg,0
19179,subset0_negative_41492_124168.jpg,0
316769,subset7_negative_52962_121225.jpg,0
84559,subset1_positive_05032_109792.jpg,1
272351,subset5_positive_84296_126953.jpg,1
327076,subset7_positive_07261_122663.jpg,1
348999,subset8_positive_48666_120337.jpg,1
66323,subset1_positive_10561_103540.jpg,1
66885,subset1_negative_23059_133969.jpg,0
110543,subset2_positive_11877_118513.jpg,1
312815,subset7_negative_68085_114674.jpg,0
294420,subset7_negative_34169_142544.jpg,0
65907,subset1_positive_48288_135511.jpg,1
22123,subset0_negative_47718_106316.jpg,0
271741,subset5_positive_21124_123407.jpg,1
69486,subset1_negative_22949_142407.jpg,0
254232,subset5_positive_21124_123409.jpg,1
393811,subset9_negative_07402_118390.jpg,0
191436,subset4_negative_00951_103035.jpg,0
135542,subset3_positive_53512_107752.jpg,1
387781,subset9_negative_89532_136118.jpg,0
282172,subset5_positive_69223_144664.jpg,1
296090,subset7_negative_63577_139923.jpg,0
117767,subset2_positive_13746_110111.jpg,1
149237,subset3_positive_15391_120781.jpg,1
19568,subset0_positive_93273_134670.jpg,1
186392,subset4_positive_17227_138417.jpg,1
396774,subset9_negative_75410_128718.jpg,0
32474,subset0_negative_74444_109000.jpg,0
419413,subset9_negative_27970_143743.jpg,0
344917,subset8_negative_59551_105689.jpg,0
80886,subset1_negative_45596_124370.jpg,0
82421,subset1_negative_19224_142929.jpg,0
95284,subset2_negative_63696_136214.jpg,0
228804,subset4_positive_26314_109558.jpg,1
45078,subset0_positive_69037_130985.jpg,1
63188,subset1_positive_48288_135512.jpg,1
94608,subset2_positive_90311_109874.jpg,1
63830,subset1_negative_18048_134837.jpg,0
196268,subset4_negative_94975_110984.jpg,0
366962,subset8_negative_59551_106248.jpg,0
335915,subset8_negative_58130_135287.jpg,0
153874,subset3_positive_24156_138459.jpg,1
162967,subset3_positive_32320_128072.jpg,1
123118,subset2_positive_40405_109762.jpg,1
34357,subset0_positive_08059_126304.jpg,1
63724,subset1_negative_29132_119226.jpg,0
41054,subset0_positive_20843_136718.jpg,1
312210,subset7_positive_87559_113118.jpg,1
377165,subset9_positive_36332_133731.jpg,1
271039,subset5_positive_14021_103545.jpg,1
332740,subset7_negative_81479_103522.jpg,0
341722,subset8_negative_44986_123971.jpg,0
192906,subset4_positive_88746_107994.jpg,1
252845,subset5_positive_75734_133776.jpg,1
249592,subset5_positive_74395_135596.jpg,1
300315,subset7_positive_01753_117471.jpg,1
13111,subset0_positive_00950_103687.jpg,1
15278,subset0_negative_67830_110823.jpg,0
56558,subset1_negative_34217_109235.jpg,0
21103,subset0_negative_62523_116455.jpg,0
154570,subset3_positive_24156_138458.jpg,1
238968,subset4_negative_55058_100844.jpg,0
128700,subset2_negative_27422_117553.jpg,0
195822,subset4_negative_18032_105148.jpg,0
263748,subset5_positive_00770_100003.jpg,1
362607,subset8_positive_48335_114307.jpg,1
210041,subset4_negative_43151_109454.jpg,0
298307,subset7_negative_22213_124492.jpg,0
43759,subset0_positive_17235_124331.jpg,1
253191,subset5_negative_02868_144004.jpg,0
290746,subset7_positive_77950_104822.jpg,1
45255,subset0_negative_00950_104068.jpg,0
84615,subset1_positive_47886_119866.jpg,1
50105,subset1_positive_60014_111130.jpg,1
94663,subset2_positive_53819_102922.jpg,1
82861,subset1_positive_47886_119862.jpg,1
419454,subset9_negative_65787_136644.jpg,0
394516,subset9_positive_88402_131848.jpg,1
79831,subset1_negative_05509_136429.jpg,0
332782,subset7_negative_87559_113325.jpg,0
103401,subset2_positive_26179_136410.jpg,1
39853,subset0_negative_13686_113726.jpg,0
28568,subset0_positive_60596_109447.jpg,1
165888,subset3_positive_96610_101517.jpg,1
249469,subset5_negative_08334_122808.jpg,0
2691,subset0_negative_62523_116552.jpg,0
250973,subset5_positive_15169_115458.jpg,1
176951,subset4_positive_97306_115912.jpg,1
78626,subset1_negative_56430_105705.jpg,0
77116,subset1_positive_22350_128568.jpg,1
260121,subset5_negative_87602_128223.jpg,0
281047,subset5_positive_15169_115457.jpg,1
367798,subset8_negative_40520_116707.jpg,0
182880,subset4_positive_87713_101085.jpg,1
420429,subset9_positive_44795_133892.jpg,1
189890,subset4_positive_02384_115899.jpg,1
398162,subset9_negative_61822_133371.jpg,0
224433,subset4_positive_79986_124039.jpg,1
114336,subset2_positive_97832_127373.jpg,1
166052,subset3_negative_65150_118516.jpg,0
78197,subset1_negative_34217_109049.jpg,0
97980,subset2_positive_65478_134701.jpg,1
335539,subset8_positive_95222_106558.jpg,1
255628,subset5_negative_80824_146622.jpg,0
387744,subset9_positive_05216_109784.jpg,1
289831,subset7_negative_59979_136672.jpg,0
225984,subset4_positive_26314_117412.jpg,1
11248,subset0_negative_17235_124375.jpg,0
9494,subset0_negative_91986_115515.jpg,0
238160,subset4_negative_18440_114271.jpg,0
37005,subset0_negative_21260_129796.jpg,0
131155,subset2_negative_31442_118627.jpg,0
88569,subset1_positive_59366_101015.jpg,1
165317,subset3_negative_91582_135095.jpg,0
184536,subset4_negative_00951_102951.jpg,0
304641,subset7_negative_34991_100441.jpg,0
354104,subset8_negative_98181_100116.jpg,0
179015,subset4_negative_87176_117989.jpg,0
219724,subset4_positive_21805_102963.jpg,1
21286,subset0_negative_73682_144641.jpg,0
151388,subset3_negative_58228_131710.jpg,0
206459,subset4_negative_39398_133476.jpg,0
8959,subset0_positive_14231_131598.jpg,1
263038,subset5_negative_03031_102114.jpg,0
237047,subset4_negative_20907_137585.jpg,0
414268,subset9_negative_89532_135444.jpg,0
67765,subset1_negative_96592_121333.jpg,0
177874,subset4_negative_40196_136331.jpg,0
291183,subset7_negative_20611_102140.jpg,0
408759,subset9_negative_20823_104298.jpg,0
87868,subset1_positive_59845_136184.jpg,1
22372,subset0_negative_41492_123764.jpg,0
37573,subset0_positive_64321_102651.jpg,1
8633,subset0_positive_47663_104114.jpg,1
94555,subset2_positive_77753_135546.jpg,1
53719,subset1_negative_33681_133435.jpg,0
279881,subset5_negative_09419_147257.jpg,0
273046,subset5_negative_94647_130740.jpg,0
296588,subset7_positive_54230_130538.jpg,1
196467,subset4_positive_00951_102947.jpg,1
422064,subset9_negative_14638_141069.jpg,0
5240,subset0_negative_55367_118721.jpg,0
278668,subset5_negative_63325_121543.jpg,0
285609,subset5_negative_05135_118551.jpg,0
187425,subset4_positive_51615_109651.jpg,1
382795,subset9_negative_12235_121224.jpg,0
209116,subset4_negative_12286_104097.jpg,0
285229,subset5_negative_46497_131384.jpg,0
233942,subset4_positive_25757_123243.jpg,1
140663,subset3_positive_35824_131223.jpg,1
245282,subset5_negative_08334_122992.jpg,0
137682,subset3_negative_20766_125529.jpg,0
16136,subset0_positive_41831_125792.jpg,1
30238,subset0_positive_18865_122878.jpg,1
338744,subset8_positive_59071_120634.jpg,1
133466,subset3_negative_06819_108953.jpg,0
196657,subset4_positive_97338_111821.jpg,1
358418,subset8_positive_64658_110074.jpg,1
250016,subset5_negative_95208_135304.jpg,0
346890,subset8_negative_76488_137584.jpg,0
176679,subset4_positive_94040_121238.jpg,1
376797,subset9_negative_65701_131792.jpg,0
323950,subset7_positive_38194_101550.jpg,1
228534,subset4_positive_45468_102068.jpg,1
98655,subset2_positive_92387_130992.jpg,1
422528,subset9_negative_74324_109568.jpg,0
151278,subset3_positive_24156_138455.jpg,1
159403,subset3_positive_28406_124978.jpg,1
72167,subset1_positive_31276_112344.jpg,1
411095,subset9_negative_42176_125787.jpg,0
232657,subset4_positive_64515_111139.jpg,1
405565,subset9_negative_89532_135436.jpg,0
127594,subset2_positive_40405_109765.jpg,1
330750,subset7_negative_75826_106700.jpg,0
150191,subset3_positive_31179_105951.jpg,1
74508,subset1_positive_33681_133214.jpg,1
237061,subset4_negative_27409_139698.jpg,0
177586,subset4_positive_55750_113922.jpg,1
15205,subset0_positive_58748_115214.jpg,1
180740,subset4_positive_55750_125897.jpg,1
251798,subset5_positive_56685_126336.jpg,1
254809,subset5_positive_00770_100006.jpg,1
250520,subset5_negative_80786_141436.jpg,0
272538,subset5_negative_58431_109503.jpg,0
271528,subset5_negative_38785_127687.jpg,0
202479,subset4_negative_94040_138146.jpg,0
11215,subset0_positive_47734_103151.jpg,1
228766,subset4_negative_18032_105122.jpg,0
268733,subset5_positive_51914_119590.jpg,1
128164,subset2_positive_73630_136005.jpg,1
64727,subset1_positive_48288_135513.jpg,1
299568,subset7_positive_57842_131365.jpg,1
200976,subset4_positive_47868_104964.jpg,1
339730,subset8_positive_44726_117933.jpg,1
373398,subset8_negative_59233_111687.jpg,0
243566,subset5_negative_49228_116903.jpg,0
156078,subset3_negative_88500_124219.jpg,0
131463,subset2_positive_83786_127655.jpg,1
422369,subset9_negative_69212_120082.jpg,0
252975,subset5_negative_15038_114064.jpg,0
157209,subset3_positive_74930_130329.jpg,1
303733,subset7_negative_85510_118411.jpg,0
321450,subset7_positive_81782_133929.jpg,1
59682,subset1_negative_23059_134178.jpg,0
153749,subset3_positive_09630_141096.jpg,1
286309,subset5_negative_06008_136810.jpg,0
100743,subset2_positive_63696_136017.jpg,1
149993,subset3_negative_24156_138792.jpg,0
245633,subset5_negative_84296_127475.jpg,0
149487,subset3_positive_09630_141098.jpg,1
185209,subset4_positive_65680_126789.jpg,1
251732,subset5_negative_74395_136039.jpg,0
142139,subset3_positive_18292_138852.jpg,1
354382,subset8_positive_13951_100708.jpg,1
141728,subset3_negative_61082_114112.jpg,0
150674,subset3_positive_26689_141547.jpg,1
89947,subset2_positive_15191_130090.jpg,1
230127,subset4_positive_34290_111326.jpg,1
386031,subset9_negative_81600_110906.jpg,0
168668,subset3_positive_57753_112835.jpg,1
25209,subset0_negative_14231_131784.jpg,0
17505,subset0_positive_93273_134671.jpg,1
148513,subset3_positive_29969_127547.jpg,1
245970,subset5_negative_80786_141545.jpg,0
233534,subset4_positive_43898_103783.jpg,1
289043,subset7_positive_38704_128864.jpg,1
220804,subset4_negative_12286_104285.jpg,0
395653,subset9_negative_68094_108714.jpg,0
105241,subset2_positive_97798_124197.jpg,1
316299,subset7_negative_85951_136032.jpg,0
342355,subset8_negative_74757_125338.jpg,0
366607,subset8_negative_66896_131600.jpg,0
76555,subset1_positive_51579_137760.jpg,1
271970,subset5_negative_02868_143406.jpg,0
195020,subset4_positive_25757_141287.jpg,1
287659,subset5_negative_06008_136959.jpg,0
279841,subset5_positive_23962_114741.jpg,1
346318,subset8_negative_74238_127424.jpg,0
53319,subset1_negative_10561_103586.jpg,0
223010,subset4_positive_02384_129105.jpg,1
182288,subset4_negative_17124_110854.jpg,0
382358,subset9_negative_67626_116981.jpg,0
200054,subset4_positive_97338_122034.jpg,1
201036,subset4_positive_47868_104965.jpg,1
8617,subset0_negative_98509_143832.jpg,0
150309,subset3_positive_97985_105192.jpg,1
165245,subset3_positive_11210_141328.jpg,1
222037,subset4_positive_00951_102949.jpg,1
84419,subset1_negative_44907_132460.jpg,0
218924,subset4_positive_02384_129106.jpg,1
193942,subset4_negative_34766_115538.jpg,0
230123,subset4_positive_22907_131201.jpg,1
402978,subset9_negative_89532_135619.jpg,0
345057,subset8_negative_59071_121077.jpg,0
307266,subset7_positive_58535_143085.jpg,1
113189,subset2_negative_95628_108373.jpg,0
154092,subset3_negative_46543_126730.jpg,0
367128,subset8_positive_44986_123852.jpg,1
194087,subset4_positive_87176_117581.jpg,1
407044,subset9_negative_09785_129690.jpg,0
143749,subset3_positive_28406_124977.jpg,1
344914,subset8_positive_92959_121640.jpg,1
43960,subset0_positive_69037_130984.jpg,1
288088,subset5_positive_27966_116059.jpg,1
354844,subset8_negative_79830_133442.jpg,0
94470,subset2_positive_06982_100000.jpg,1
217335,subset4_positive_28980_123828.jpg,1
366765,subset8_positive_15668_135758.jpg,1
371634,subset8_negative_59551_105752.jpg,0
131793,subset2_negative_30424_111710.jpg,0
210387,subset4_negative_06585_118700.jpg,0
135551,subset3_positive_62930_128073.jpg,1
381087,subset9_positive_65701_131496.jpg,1
56260,subset1_negative_36171_138479.jpg,0
138023,subset3_positive_35275_126168.jpg,1
306123,subset7_negative_85510_118170.jpg,0
219093,subset4_negative_18032_105435.jpg,0
166414,subset3_positive_96610_101515.jpg,1
93400,subset2_positive_92387_130994.jpg,1
227903,subset4_positive_55750_125900.jpg,1
350779,subset8_negative_35761_138120.jpg,0
27430,subset0_negative_13686_113816.jpg,0
117367,subset2_negative_26125_113533.jpg,0
201539,subset4_positive_61989_106613.jpg,1
254248,subset5_negative_84519_112529.jpg,0
1742,subset0_positive_22488_122114.jpg,1
186685,subset4_negative_65680_126896.jpg,0
87071,subset1_negative_05509_136767.jpg,0
13629,subset0_negative_19196_145500.jpg,0
173139,subset3_positive_98412_122511.jpg,1
94185,subset2_positive_67131_129815.jpg,1
234484,subset4_negative_89059_123590.jpg,0
358425,subset8_negative_07285_132549.jpg,0
227874,subset4_negative_55058_101395.jpg,0
374661,subset8_positive_21954_128874.jpg,1
180891,subset4_negative_11282_105171.jpg,0
202913,subset4_positive_45468_101057.jpg,1
346145,subset8_positive_88203_128217.jpg,1
90748,subset2_negative_61147_133006.jpg,0
108714,subset2_negative_35891_107384.jpg,0
132,subset0_negative_74565_117780.jpg,0
306489,subset7_positive_82299_142812.jpg,1
196105,subset4_positive_12644_108309.jpg,1
317156,subset7_negative_81479_104172.jpg,0
139425,subset3_positive_18292_138851.jpg,1
219338,subset4_negative_21805_107316.jpg,0
73530,subset1_negative_95147_114526.jpg,0
207526,subset4_negative_49727_109432.jpg,0
220405,subset4_negative_18440_126129.jpg,0
157779,subset3_positive_26588_133018.jpg,1
49079,subset1_positive_85953_134682.jpg,1
390891,subset9_positive_66464_122421.jpg,1
80872,subset1_negative_65896_140634.jpg,0
128461,subset2_positive_40405_109758.jpg,1
55032,subset1_positive_55143_111499.jpg,1
260895,subset5_negative_27966_116256.jpg,0
151894,subset3_positive_91582_135061.jpg,1
104188,subset2_positive_56951_128717.jpg,1
282732,subset5_positive_13546_110385.jpg,1
309382,subset7_positive_52962_121101.jpg,1
239296,subset4_positive_43898_103781.jpg,1
294045,subset7_positive_25932_116324.jpg,1
398721,subset9_positive_11437_107655.jpg,1
164733,subset3_negative_15660_103543.jpg,0
368936,subset8_positive_21954_128873.jpg,1
400070,subset9_positive_11437_107658.jpg,1
50626,subset1_positive_93071_122799.jpg,1
392803,subset9_negative_92782_137287.jpg,0
383994,subset9_positive_65701_131493.jpg,1
173971,subset3_negative_08658_130821.jpg,0
268314,subset5_negative_19348_108572.jpg,0
33580,subset0_positive_61074_144854.jpg,1
189099,subset4_positive_78950_122831.jpg,1
312021,subset7_negative_77129_107319.jpg,0
223682,subset4_positive_02477_142419.jpg,1
45932,subset0_positive_47975_139723.jpg,1
296196,subset7_positive_81479_103202.jpg,1
336657,subset8_positive_04249_114705.jpg,1
170260,subset3_positive_68939_134658.jpg,1
366789,subset8_positive_35414_101178.jpg,1
139146,subset3_positive_27629_101034.jpg,1
90,subset0_negative_56733_102646.jpg,0
192239,subset4_negative_88746_114740.jpg,0
25362,subset0_positive_54952_106914.jpg,1
176526,subset4_positive_55750_125894.jpg,1
211966,subset4_positive_11586_119674.jpg,1
39713,subset0_negative_51767_139314.jpg,0
70483,subset1_negative_60014_111289.jpg,0
152318,subset3_negative_91756_112305.jpg,0
300032,subset7_negative_90470_128352.jpg,0
13528,subset0_positive_76543_108283.jpg,1
116603,subset2_positive_80826_134443.jpg,1
228867,subset4_negative_11064_117402.jpg,0
161493,subset3_negative_48244_133852.jpg,0
363979,subset8_positive_00599_123609.jpg,1
180207,subset4_positive_94975_105381.jpg,1
51245,subset1_positive_85953_134683.jpg,1
336132,subset8_negative_80114_141624.jpg,0
327018,subset7_positive_77129_106957.jpg,1
104351,subset2_positive_26179_136411.jpg,1
203071,subset4_positive_55268_115553.jpg,1
339215,subset8_negative_64658_110127.jpg,0
317655,subset7_negative_71960_127090.jpg,0
229999,subset4_positive_55268_128047.jpg,1
166315,subset3_negative_18990_119770.jpg,0
79820,subset1_positive_59845_136181.jpg,1
296451,subset7_negative_39150_140923.jpg,0
119056,subset2_positive_61636_113814.jpg,1
199745,subset4_negative_89762_102638.jpg,0
11048,subset0_negative_56733_102440.jpg,0
211254,subset4_positive_55268_115548.jpg,1
112370,subset2_negative_59527_120909.jpg,0
203099,subset4_negative_97507_130683.jpg,0
16189,subset0_negative_67830_110836.jpg,0
49647,subset1_positive_93071_122798.jpg,1
305581,subset7_positive_20341_142552.jpg,1
388729,subset9_positive_74324_109364.jpg,1
64898,subset1_positive_12456_122543.jpg,1
118711,subset2_negative_32739_104846.jpg,0
104484,subset2_positive_76953_104979.jpg,1
94037,subset2_positive_40811_103236.jpg,1
293002,subset7_negative_01463_130852.jpg,0
16277,subset0_positive_71780_106443.jpg,1
187743,subset4_positive_55750_113926.jpg,1
163321,subset3_negative_04919_122115.jpg,0
171543,subset3_positive_67558_106567.jpg,1
199950,subset4_negative_44897_100961.jpg,0
47793,subset1_positive_47886_119854.jpg,1
205199,subset4_positive_22907_116822.jpg,1
359205,subset8_negative_91231_116900.jpg,0
32843,subset0_positive_08058_143042.jpg,1
80731,subset1_positive_44907_132198.jpg,1
160608,subset3_positive_05368_136481.jpg,1
37631,subset0_negative_18345_121116.jpg,0
26464,subset0_positive_55367_118470.jpg,1
351184,subset8_positive_48856_129915.jpg,1
23604,subset0_negative_08059_126562.jpg,0
28207,subset0_positive_93273_134668.jpg,1
412472,subset9_positive_98568_139058.jpg,1
184818,subset4_positive_78950_122832.jpg,1
404217,subset9_negative_74324_109492.jpg,0
129615,subset2_positive_86296_137005.jpg,1
58807,subset1_negative_06551_128041.jpg,0
122309,subset2_positive_40405_109763.jpg,1
58643,subset1_positive_93409_137453.jpg,1
340467,subset8_positive_15668_135756.jpg,1
23660,subset0_negative_62523_116673.jpg,0
234356,subset4_positive_26314_117414.jpg,1
290926,subset7_positive_38704_128865.jpg,1
298294,subset7_negative_09530_129223.jpg,0
384350,subset9_negative_83452_123836.jpg,0
67089,subset1_positive_69557_101401.jpg,1
250193,subset5_positive_56685_126337.jpg,1
110504,subset2_positive_14593_140789.jpg,1
80513,subset1_positive_45498_117717.jpg,1
34082,subset0_negative_74444_109439.jpg,0
231076,subset4_negative_89762_102093.jpg,0
371489,subset8_negative_59047_128053.jpg,0
225299,subset4_positive_25757_123245.jpg,1
321351,subset7_negative_85510_118423.jpg,0
203645,subset4_negative_02384_129419.jpg,0
41003,subset0_positive_41492_123378.jpg,1
164329,subset3_positive_11210_141329.jpg,1
15007,subset0_negative_47663_104698.jpg,0
231533,subset4_positive_66972_138847.jpg,1
66309,subset1_positive_48683_106736.jpg,1
248935,subset5_negative_94647_130919.jpg,0
187505,subset4_negative_55115_123383.jpg,0
295730,subset7_positive_75826_106433.jpg,1
180786,subset4_positive_28980_141972.jpg,1
27950,subset0_negative_08058_143169.jpg,0
128936,subset2_positive_65478_134695.jpg,1
346188,subset8_positive_06815_110869.jpg,1
254964,subset5_negative_16964_100789.jpg,0
70157,subset1_positive_48288_135508.jpg,1
69012,subset1_negative_31764_137566.jpg,0
206840,subset4_negative_34290_121616.jpg,0
276511,subset5_negative_19348_108159.jpg,0
266088,subset5_negative_85026_119506.jpg,0
25708,subset0_negative_98326_101425.jpg,0
35757,subset0_negative_21281_104896.jpg,0
110140,subset2_negative_29556_106779.jpg,0
209402,subset4_positive_16111_103444.jpg,1
95339,subset2_positive_65478_134702.jpg,1
118713,subset2_positive_97798_124199.jpg,1
209359,subset4_negative_55058_101241.jpg,0
74728,subset1_negative_65896_140719.jpg,0
292101,subset7_positive_86949_131059.jpg,1
177392,subset4_negative_49727_109115.jpg,0
372136,subset8_positive_95222_106557.jpg,1
278560,subset5_positive_20957_145219.jpg,1
160747,subset3_positive_58474_115075.jpg,1
279948,subset5_negative_26488_134233.jpg,0
238381,subset4_positive_55750_125899.jpg,1
16889,subset0_positive_71547_142657.jpg,1
1362,subset0_negative_18345_121040.jpg,0
34095,subset0_negative_97097_105468.jpg,0
108509,subset2_negative_91689_115681.jpg,0
5607,subset0_positive_47663_104113.jpg,1
20901,subset0_positive_99991_117837.jpg,1
307627,subset7_negative_98200_121699.jpg,0
186623,subset4_positive_02477_142417.jpg,1
343079,subset8_negative_14630_122491.jpg,0
167181,subset3_negative_52285_116894.jpg,0
333026,subset7_positive_28864_112325.jpg,1
247588,subset5_positive_45028_128436.jpg,1
234174,subset4_positive_94207_110611.jpg,1
122336,subset2_negative_50076_109480.jpg,0
193666,subset4_positive_78950_112214.jpg,1
401976,subset9_positive_81600_110677.jpg,1
207440,subset4_positive_21805_102966.jpg,1
120179,subset2_positive_29556_106660.jpg,1
350806,subset8_positive_75427_102831.jpg,1
281137,subset5_negative_89377_145995.jpg,0
237830,subset4_negative_87176_117831.jpg,0
140605,subset3_negative_28406_125316.jpg,0
294401,subset7_positive_28616_102706.jpg,1
147336,subset3_positive_09630_141102.jpg,1
336086,subset8_positive_59071_120637.jpg,1
253684,subset5_positive_21124_123408.jpg,1
22401,subset0_positive_93273_134667.jpg,1
87351,subset1_positive_47886_119859.jpg,1
126886,subset2_negative_60568_122396.jpg,0
120317,subset2_positive_56951_128718.jpg,1
156489,subset3_negative_30132_100540.jpg,0
169819,subset3_negative_15280_119056.jpg,0
80725,subset1_negative_98613_116010.jpg,0
90864,subset2_positive_15191_130091.jpg,1
128367,subset2_positive_40405_109764.jpg,1
294378,subset7_positive_57842_131367.jpg,1
8876,subset0_negative_17235_125056.jpg,0
241950,subset5_positive_96664_118988.jpg,1
407504,subset9_negative_62827_101652.jpg,0
406527,subset9_positive_88650_106465.jpg,1
18869,subset0_negative_20843_137347.jpg,0
366772,subset8_positive_36359_139918.jpg,1
162531,subset3_negative_53512_107954.jpg,0
224268,subset4_positive_05185_111920.jpg,1
202999,subset4_positive_91341_101290.jpg,1
285305,subset5_negative_65646_100535.jpg,0
150437,subset3_positive_31179_105953.jpg,1
257353,subset5_positive_80786_141146.jpg,1
411465,subset9_positive_14069_132738.jpg,1
321158,subset7_negative_80403_133779.jpg,0
5613,subset0_negative_22488_122577.jpg,0
333093,subset7_positive_01463_130811.jpg,1
397258,subset9_negative_90027_113823.jpg,0
152086,subset3_negative_11671_105017.jpg,0
362499,subset8_negative_28517_140215.jpg,0
265763,subset5_negative_96664_119130.jpg,0
367591,subset8_negative_02181_112669.jpg,0
349380,subset8_positive_80114_141350.jpg,1
402914,subset9_negative_86458_145793.jpg,0
131347,subset2_negative_22101_110827.jpg,0
421293,subset9_negative_29296_131316.jpg,0
184018,subset4_positive_97306_115915.jpg,1
224085,subset4_negative_94207_119247.jpg,0
122187,subset2_negative_65305_103914.jpg,0
396852,subset9_negative_38044_139908.jpg,0
349936,subset8_negative_58130_135750.jpg,0
287721,subset5_negative_38145_137609.jpg,0
16410,subset0_positive_65145_138590.jpg,1
336764,subset8_negative_83763_126213.jpg,0
349578,subset8_positive_92959_121642.jpg,1
132030,subset3_positive_32029_139775.jpg,1
369634,subset8_negative_79503_118458.jpg,0
308009,subset7_positive_20341_142553.jpg,1
318003,subset7_negative_28864_113016.jpg,0
279867,subset5_negative_56685_126360.jpg,0
297367,subset7_negative_81479_103884.jpg,0
306563,subset7_negative_38194_101968.jpg,0
277526,subset5_positive_68974_104702.jpg,1
356221,subset8_negative_46898_108512.jpg,0
10789,subset0_positive_41371_120531.jpg,1
401129,subset9_negative_07402_118215.jpg,0
25636,subset0_negative_18668_112816.jpg,0
98039,subset2_positive_37053_118515.jpg,1
267655,subset5_positive_58588_117909.jpg,1
66293,subset1_negative_12456_122684.jpg,0
25668,subset0_negative_08762_134242.jpg,0
343400,subset8_positive_61192_117451.jpg,1
376720,subset9_negative_74324_109388.jpg,0
263962,subset5_positive_75734_133772.jpg,1
406402,subset9_positive_82004_110633.jpg,1
32431,subset0_negative_61074_145078.jpg,0
26947,subset0_positive_00410_100000.jpg,1
303546,subset7_positive_81782_133927.jpg,1
402891,subset9_negative_27970_144063.jpg,0
422959,subset9_negative_86458_146017.jpg,0
123768,subset2_positive_94518_112601.jpg,1
406064,subset9_positive_44411_100763.jpg,1
220754,subset4_positive_55058_100659.jpg,1
12499,subset0_negative_21281_105076.jpg,0
421289,subset9_negative_09785_129815.jpg,0
113673,subset2_positive_14832_105713.jpg,1
187086,subset4_negative_10450_120518.jpg,0
372671,subset8_positive_59071_120638.jpg,1
238548,subset4_positive_94975_110740.jpg,1
182332,subset4_negative_18440_126408.jpg,0
152786,subset3_positive_31179_105952.jpg,1
260295,subset5_negative_38145_137304.jpg,0
345993,subset8_positive_66896_131419.jpg,1
317894,subset7_negative_01753_117591.jpg,0
414520,subset9_positive_85809_106886.jpg,1
81247,subset1_positive_22343_125707.jpg,1
171335,subset3_positive_80130_110209.jpg,1
49782,subset1_positive_58100_122133.jpg,1
309157,subset7_positive_35012_129688.jpg,1
257075,subset5_negative_02868_143437.jpg,0
190302,subset4_positive_45468_102066.jpg,1
237276,subset4_positive_34766_108198.jpg,1
397180,subset9_negative_20823_104468.jpg,0
42567,subset0_negative_00410_100163.jpg,0
377290,subset9_positive_02207_144186.jpg,1
225812,subset4_positive_55268_128045.jpg,1
420044,subset9_positive_87015_146815.jpg,1
245959,subset5_positive_16964_100564.jpg,1
148049,subset3_positive_26588_133015.jpg,1
74858,subset1_negative_60014_111489.jpg,0
345423,subset8_positive_48666_120335.jpg,1
187769,subset4_positive_02384_115898.jpg,1
326119,subset7_positive_02075_137877.jpg,1
349909,subset8_negative_98181_100706.jpg,0
384006,subset9_positive_80358_130244.jpg,1
104022,subset2_positive_08179_138789.jpg,1
139526,subset3_positive_85969_125890.jpg,1
223648,subset4_negative_25545_140949.jpg,0
257180,subset5_negative_38145_138032.jpg,0
104144,subset2_negative_14593_141026.jpg,0
119704,subset2_positive_13746_110113.jpg,1
208873,subset4_negative_18440_126528.jpg,0
68573,subset1_positive_48288_135509.jpg,1
353434,subset8_negative_15219_132860.jpg,0
147053,subset3_negative_04919_121981.jpg,0
54783,subset1_positive_22775_142132.jpg,1
94089,subset2_positive_65478_134699.jpg,1
79496,subset1_positive_06551_127619.jpg,1
298372,subset7_positive_03237_132706.jpg,1
4967,subset0_negative_83845_133884.jpg,0
197510,subset4_positive_00951_102946.jpg,1
315520,subset7_positive_23235_119272.jpg,1
358650,subset8_negative_36860_141029.jpg,0
82534,subset1_positive_59845_136182.jpg,1
7293,subset0_negative_03732_116342.jpg,0
198122,subset4_negative_05185_122699.jpg,0
131210,subset2_negative_65305_103910.jpg,0
90630,subset2_negative_21294_115233.jpg,0
409497,subset9_negative_68431_129182.jpg,0
236186,subset4_positive_17281_104565.jpg,1
284071,subset5_positive_38609_120667.jpg,1
140750,subset3_positive_11210_141331.jpg,1
384007,subset9_negative_65787_136671.jpg,0
339989,subset8_negative_46898_108740.jpg,0
188830,subset4_negative_45513_140025.jpg,0
171678,subset3_negative_19413_132937.jpg,0
126347,subset2_positive_94518_112602.jpg,1
353416,subset8_positive_75427_102826.jpg,1
273012,subset5_positive_14021_103544.jpg,1
22231,subset0_negative_19196_145505.jpg,0
383533,subset9_negative_84692_145566.jpg,0
219252,subset4_positive_87176_109565.jpg,1
52456,subset1_negative_33640_125348.jpg,0
279247,subset5_positive_15800_132264.jpg,1
53541,subset1_negative_93071_123169.jpg,0
205790,subset4_negative_27409_121889.jpg,0
347735,subset8_positive_10592_106313.jpg,1
200868,subset4_positive_57505_115658.jpg,1
195461,subset4_negative_57505_129063.jpg,0
198775,subset4_positive_55268_115554.jpg,1
62531,subset1_negative_82679_108961.jpg,0
135996,subset3_negative_06819_109455.jpg,0
362052,subset8_positive_27052_122760.jpg,1
235058,subset4_positive_43898_103782.jpg,1
303731,subset7_negative_13755_137649.jpg,0
97091,subset2_negative_96708_106311.jpg,0
323165,subset7_negative_13394_134767.jpg,0
52995,subset1_negative_04825_123583.jpg,0
343095,subset8_positive_36359_139915.jpg,1
225839,subset4_negative_47868_109905.jpg,0
155379,subset3_positive_28329_137228.jpg,1
287815,subset5_negative_91305_142195.jpg,0
384313,subset9_negative_46707_120784.jpg,0
237735,subset4_negative_02477_142524.jpg,0
346382,subset8_positive_48666_120334.jpg,1
77956,subset1_positive_42103_103937.jpg,1
284436,subset5_negative_97218_129541.jpg,0
318311,subset7_negative_17588_144591.jpg,0
149894,subset3_positive_26689_141545.jpg,1
81997,subset1_negative_33640_125422.jpg,0
125699,subset2_negative_14593_140839.jpg,0
68700,subset1_negative_65896_140468.jpg,0
60710,subset1_negative_24196_102123.jpg,0
407355,subset9_negative_57590_107536.jpg,0
218360,subset4_positive_55115_112218.jpg,1
99007,subset2_negative_82428_100798.jpg,0
272411,subset5_negative_15800_132305.jpg,0
141663,subset3_positive_11210_141330.jpg,1
68253,subset1_negative_39027_102932.jpg,0
71361,subset1_positive_43476_106075.jpg,1
240351,subset4_negative_18440_126375.jpg,0
212333,subset4_positive_11282_105142.jpg,1
283102,subset5_negative_95208_135326.jpg,0
210742,subset4_negative_61436_104467.jpg,0
368217,subset8_positive_17534_120114.jpg,1
44967,subset0_positive_56843_130014.jpg,1
233217,subset4_positive_51938_113885.jpg,1
352843,subset8_negative_24839_128769.jpg,0
177497,subset4_negative_45513_139864.jpg,0
401676,subset9_positive_20823_103971.jpg,1
197101,subset4_negative_49727_117015.jpg,0
361736,subset8_positive_62027_123182.jpg,1
356436,subset8_negative_45208_113581.jpg,0
143112,subset3_negative_54574_136733.jpg,0
288479,subset5_positive_68929_126614.jpg,1
410433,subset9_positive_11437_107660.jpg,1
156157,subset3_positive_20084_135358.jpg,1
291704,subset7_positive_57842_131362.jpg,1
401477,subset9_positive_44411_100764.jpg,1
258356,subset5_negative_51914_119846.jpg,0
120915,subset2_negative_13632_128312.jpg,0
338463,subset8_positive_21986_119919.jpg,1
101091,subset2_positive_71594_125768.jpg,1
145497,subset3_negative_29969_127687.jpg,0
134973,subset3_negative_06819_109939.jpg,0
214353,subset4_negative_20907_137250.jpg,0
39621,subset0_negative_97176_111434.jpg,0
396117,subset9_negative_20243_113517.jpg,0
52259,subset1_positive_93165_100266.jpg,1
348975,subset8_positive_53237_106897.jpg,1
193546,subset4_positive_21805_106856.jpg,1
401051,subset9_positive_82004_110634.jpg,1
340462,subset8_positive_36359_139916.jpg,1
409922,subset9_negative_42176_125181.jpg,0
134184,subset3_negative_06819_109907.jpg,0
260672,subset5_positive_00770_100000.jpg,1
322838,subset7_positive_75338_128489.jpg,1
336427,subset8_positive_36860_140717.jpg,1
179273,subset4_positive_34766_108197.jpg,1
187961,subset4_positive_39846_114747.jpg,1
297363,subset7_positive_57224_125041.jpg,1
294902,subset7_positive_86949_131060.jpg,1
87285,subset1_positive_47886_119865.jpg,1
105562,subset2_negative_53819_103187.jpg,0
183792,subset4_negative_81626_119399.jpg,0
177299,subset4_negative_94040_121248.jpg,0
133230,subset3_negative_67533_106217.jpg,0
216039,subset4_negative_18440_114629.jpg,0
97235,subset2_positive_77753_135545.jpg,1
214939,subset4_positive_97507_116389.jpg,1
184428,subset4_negative_20907_121070.jpg,0
137523,subset3_positive_15280_118912.jpg,1
129293,subset2_negative_60723_105395.jpg,0
57045,subset1_positive_03192_113179.jpg,1
272706,subset5_negative_75981_118248.jpg,0
199476,subset4_positive_24024_108301.jpg,1
154908,subset3_positive_16689_114878.jpg,1
249210,subset5_negative_77538_140863.jpg,0
114148,subset2_negative_31524_122360.jpg,0
23740,subset0_positive_28223_125608.jpg,1
50694,subset1_positive_55143_111501.jpg,1
45601,subset0_negative_00950_103934.jpg,0
388025,subset9_positive_66464_122422.jpg,1
258997,subset5_negative_72830_102679.jpg,0
58423,subset1_positive_22949_142133.jpg,1
336174,subset8_positive_44726_117934.jpg,1
62766,subset1_negative_82679_108965.jpg,0
159536,subset3_positive_28406_124979.jpg,1
34534,subset0_negative_41492_123520.jpg,0
236505,subset4_negative_38096_127932.jpg,0
59200,subset1_positive_31764_137495.jpg,1
232612,subset4_negative_89321_103910.jpg,0
120866,subset2_positive_80826_134441.jpg,1
361783,subset8_positive_88203_128218.jpg,1
318426,subset7_negative_22213_124363.jpg,0
335420,subset8_negative_82395_101946.jpg,0
225725,subset4_positive_55268_128050.jpg,1
393982,subset9_positive_66464_122424.jpg,1
82399,subset1_positive_59845_136183.jpg,1
69526,subset1_positive_95147_114155.jpg,1
175757,subset4_positive_97306_115913.jpg,1
157575,subset3_negative_80130_110223.jpg,0
170990,subset3_negative_04919_121859.jpg,0
246053,subset5_positive_27966_116056.jpg,1
244620,subset5_positive_22764_143068.jpg,1
283545,subset5_positive_02868_143401.jpg,1
129832,subset2_negative_56742_123297.jpg,0
111985,subset2_negative_69356_119342.jpg,0
408162,subset9_negative_49282_126233.jpg,0
375438,subset8_positive_17534_120113.jpg,1
256120,subset5_positive_00770_100004.jpg,1
416888,subset9_negative_20243_112869.jpg,0
49692,subset1_positive_60826_110653.jpg,1
186504,subset4_positive_21600_124781.jpg,1
337779,subset8_positive_59047_127687.jpg,1
4070,subset0_negative_71780_106479.jpg,0
4807,subset0_negative_21260_129367.jpg,0
354749,subset8_positive_10592_106314.jpg,1
180622,subset4_positive_12644_103941.jpg,1
174655,subset4_negative_55058_100732.jpg,0
128697,subset2_negative_80826_134653.jpg,0
56162,subset1_positive_04825_123282.jpg,1
69597,subset1_positive_46335_119288.jpg,1
205599,subset4_negative_61436_101671.jpg,0
143167,subset3_negative_32029_139799.jpg,0
102051,subset2_negative_15191_130337.jpg,0
346740,subset8_positive_10592_106311.jpg,1
201564,subset4_positive_78950_112212.jpg,1
417676,subset9_negative_41021_141599.jpg,0
181477,subset4_positive_05185_122259.jpg,1
122056,subset2_negative_29831_120188.jpg,0
219560,subset4_positive_25757_141288.jpg,1
395974,subset9_positive_66464_122425.jpg,1
181435,subset4_negative_64515_121130.jpg,0
255011,subset5_positive_75734_133777.jpg,1
194845,subset4_positive_25757_141291.jpg,1
338089,subset8_positive_59047_127686.jpg,1
396556,subset9_negative_42176_125943.jpg,0
308479,subset7_negative_20099_142037.jpg,0
322647,subset7_negative_90986_111359.jpg,0
227929,subset4_negative_17227_138683.jpg,0
156506,subset3_positive_74930_130328.jpg,1
368593,subset8_negative_02181_112858.jpg,0
270863,subset5_negative_22764_143117.jpg,0
280316,subset5_positive_85026_119305.jpg,1
380293,subset9_positive_75410_128446.jpg,1
15503,subset0_negative_36987_135917.jpg,0
12657,subset0_negative_19490_119468.jpg,0
57053,subset1_negative_03192_113445.jpg,0
41543,subset0_negative_41492_123485.jpg,0
223251,subset4_positive_97306_129470.jpg,1
222544,subset4_positive_11282_110212.jpg,1
86603,subset1_negative_33681_133614.jpg,0
300087,subset7_positive_20341_142554.jpg,1
253644,subset5_negative_74084_124256.jpg,0
421150,subset9_negative_84692_144897.jpg,0
150110,subset3_positive_28329_137227.jpg,1
49009,subset1_positive_17499_114571.jpg,1
34304,subset0_negative_54952_107128.jpg,0
359324,subset8_positive_75427_102828.jpg,1
340070,subset8_positive_21986_119921.jpg,1
260850,subset5_negative_46497_131305.jpg,0
377984,subset9_negative_50204_103752.jpg,0
12971,subset0_negative_17235_124529.jpg,0
364554,subset8_positive_48666_120338.jpg,1
177374,subset4_positive_94040_137664.jpg,1
290280,subset7_positive_08613_138039.jpg,1
305388,subset7_positive_38925_139319.jpg,1
57122,subset1_positive_34291_113552.jpg,1
54625,subset1_positive_85953_134684.jpg,1
379723,subset9_negative_69212_119779.jpg,0
187635,subset4_positive_26314_109557.jpg,1
397079,subset9_negative_78363_111113.jpg,0
197485,subset4_positive_21805_106855.jpg,1
89265,subset2_negative_14832_106029.jpg,0
366158,subset8_negative_60532_104432.jpg,0
240481,subset4_positive_96643_131794.jpg,1
169192,subset3_positive_83806_123411.jpg,1
390621,subset9_positive_38633_146297.jpg,1
390145,subset9_negative_07402_118142.jpg,0
121776,subset2_negative_29556_106918.jpg,0
389176,subset9_negative_89532_135216.jpg,0
32569,subset0_negative_43514_130752.jpg,0
28329,subset0_negative_33304_141515.jpg,0
149349,subset3_positive_91582_135062.jpg,1
276683,subset5_positive_13546_110383.jpg,1
402404,subset9_negative_46707_120729.jpg,0
230078,subset4_positive_55268_128046.jpg,1
22399,subset0_negative_03732_116083.jpg,0
301221,subset7_negative_90929_108935.jpg,0
144457,subset3_positive_73080_129968.jpg,1
70765,subset1_negative_48683_106832.jpg,0
119172,subset2_negative_08179_138898.jpg,0
413874,subset9_negative_98568_139405.jpg,0
79434,subset1_positive_47886_119860.jpg,1
326811,subset7_negative_65035_122091.jpg,0
374812,subset8_negative_82269_129573.jpg,0
14541,subset0_negative_20874_125196.jpg,0
373401,subset8_negative_82395_101817.jpg,0
43129,subset0_positive_82729_131923.jpg,1
238940,subset4_negative_61989_112864.jpg,0
95289,subset2_negative_13746_110452.jpg,0
8853,subset0_negative_18668_112677.jpg,0
404016,subset9_positive_82004_110637.jpg,1
42054,subset0_positive_97097_105256.jpg,1
354607,subset8_positive_60532_104000.jpg,1
